order_id,product_id,quantity,price
499,1117,20,2.24
182,775,47,4.09
1650,1146,47,6.57
230,236,11,1.34
1667,347,11,4.7
1592,765,37,2.57
736,354,39,1.23
211,213,26,2.23
638,1629,2,8.82
1699,1073,3,5.64
1792,501,23,8.65
575,170,14,4.52
1159,186,19,5.06
84,178,26,5.65
284,1603,4,3.57
590,913,36,3.76
1938,334,45,6.23
57,999,42,1.38
303,1862,2,5.14
1181,1190,24,6.3
696,697,1,2.22
231,1384,22,10.92
1972,368,23,4.99
1680,1877,48,2.11
905,532,14,2.77
572,45,13,1.75
308,1538,23,5.17
1382,1483,44,4.07
347,297,36,1.66
433,479,1,1.54
1424,1086,5,2.76
884,313,39,5.99
211,1236,50,2.09
676,1500,1,5.74
190,235,22,1.51
619,720,29,8.21
1491,239,43,2.07
1857,700,3,4.47
496,1168,21,6.32
1694,1440,22,5.53
1831,1301,19,8.05
1303,1350,36,6.91
1734,1930,36,4.91
1448,1594,32,1.22
666,487,38,5.26
992,981,40,8.66
968,42,43,2.06
1266,985,30,5.78
1869,282,12,3.24
1541,1638,18,1.13
1009,155,49,1.33
690,657,44,2.06
742,328,44,3.6
1057,459,8,10.43
1757,573,31,1.33
1495,286,2,3.81
436,1094,34,6.64
1873,1618,25,8.42
1070,1901,1,5.05
1358,1380,48,5.9
373,389,41,6.22
575,1670,23,7.39
118,1951,28,4.15
514,636,26,2.31
1343,447,22,3.95
1331,1952,11,5.82
1877,1424,2,9.55
807,957,13,3.47
1397,120,16,4.61
942,1149,42,6.97
5,1335,6,3.11
844,1886,23,3.66
525,1217,32,2.28
390,1828,13,7.77
932,56,37,2.38
890,349,3,6.12
45,922,3,3.24
143,1828,29,7.77
1339,1171,25,2.34
77,275,8,2.16
1600,1247,49,3.01
1788,1854,7,4.38
579,26,41,5.3
299,346,35,5.86
670,1301,20,8.05
557,1808,13,5.43
1776,642,10,3.32
1226,1516,28,2.31
558,298,28,5.63
1505,1152,30,7.58
1660,631,11,4.83
84,1012,21,3.1
971,1596,17,2.35
723,1930,31,4.91
60,1715,39,1.86
574,1136,25,2.26
1913,148,36,5.56
536,1385,37,5.59
540,1637,11,2.64
1951,1950,25,5.22
528,798,10,1.99
1849,1105,17,4.17
254,1355,6,1.49
1908,10,3,3.31
1363,573,23,1.33
1037,69,47,7.89
1552,1408,37,5.19
1673,1093,2,1.58
1257,364,29,2.99
395,258,6,4.32
691,1486,21,3.85
1916,1387,6,6.13
1268,1094,11,6.64
762,154,3,1.14
1334,481,1,3.95
1786,1713,47,4.8
1822,1593,37,5.81
1443,205,18,2.5
1334,753,19,3.18
1473,748,40,5.79
689,758,45,1.7
459,821,42,5.13
1125,689,15,2.23
1528,344,34,11.24
282,1286,24,4.5
466,866,31,6.39
1925,470,10,6.42
71,1812,34,2.87
518,1164,15,3.23
1730,1562,1,2.24
1494,443,23,2.5
51,1516,28,2.31
183,1693,23,2.24
1318,1169,28,2.25
548,1403,22,2.74
1076,92,38,2.83
1943,1237,23,2.73
1850,1229,33,9.59
20,227,4,3.61
653,568,15,5.19
1941,1865,39,3.97
1781,1417,8,2.37
221,1340,43,6.23
1980,1885,25,2.5
1077,197,2,3.08
1249,206,50,4.12
401,1579,11,5.6
610,141,34,7.01
1963,1195,35,2.49
1936,372,9,3.36
373,172,23,3.2
1766,98,9,5.29
445,1843,17,4.45
1155,1235,42,1.89
808,126,46,4.91
1908,385,9,5.81
1792,1341,25,8.92
1447,1405,15,2.28
168,1485,13,1.9
987,1065,17,3.05
1894,1888,19,5.95
1504,990,5,7.36
1992,1325,41,2.58
1255,1502,10,4.22
1134,178,26,5.65
1161,1589,45,9.78
1847,514,50,1.03
1470,907,34,5.95
1990,432,1,6.93
1392,26,49,5.3
1210,46,12,5.09
594,674,29,1.66
1492,1224,3,8.86
638,799,12,2.21
1152,1520,20,8.35
1927,933,10,1.48
1752,415,3,2.55
36,704,7,10.73
1261,1881,48,4.1
1636,1564,14,1.88
696,515,49,1.84
205,1438,1,0.96
965,1661,43,6.85
372,280,26,7.07
1593,1641,13,3.75
1774,158,25,0.99
1604,152,23,6.77
976,1286,49,4.5
919,1014,1,6.99
1967,1189,43,5.32
1105,629,29,8.05
1927,1802,33,1.81
394,475,25,1.91
135,1427,2,3.86
420,206,31,4.12
441,150,21,4.6
1821,893,11,2.25
127,1211,7,2.24
1990,1414,10,5.26
1622,1867,21,5.06
595,1539,28,9
556,1333,3,1.78
1808,1925,30,2.92
1002,587,44,4.91
1632,1483,46,4.07
1340,1225,43,3.35
182,127,12,5.5
4,1519,14,1.26
772,1389,4,9.27
1647,1640,12,4.71
1823,457,34,2.99
71,282,2,3.24
1353,1511,31,5.73
1626,1648,49,5.36
1111,1451,45,1.54
964,627,47,6.24
676,628,32,5.96
771,248,29,5.93
1620,1768,6,3.09
395,1184,10,9.21
1564,1807,16,5.04
243,1103,48,3.06
1542,1955,7,1.31
917,1308,16,5.16
1105,737,46,1.82
1268,1004,17,3.53
1916,802,37,2.91
81,1183,5,3.69
1971,82,37,2.77
1685,886,18,4.67
1807,100,41,5.99
2,366,47,3.84
1225,901,43,7.93
1538,1162,28,3.38
1955,1922,39,3.44
1730,1502,14,4.22
788,31,45,3.86
514,793,12,4.37
492,353,32,5.91
1310,1284,15,3.4
211,1931,16,1.57
1831,1058,31,8.03
607,921,48,2.91
1396,1910,42,5.6
1034,1219,14,6.3
166,1828,35,7.77
1868,1575,37,3.21
1577,1374,8,5.31
78,797,32,2.14
1894,68,25,6.2
1868,1797,31,2.23
1920,1685,9,2.14
885,1700,19,3.23
1693,1872,43,4.82
1347,1149,46,6.97
1009,401,50,3.97
648,1313,36,5.24
978,1419,18,10.2
1877,1070,33,8.33
990,1690,17,2.8
211,532,35,2.77
1335,840,45,4.68
1993,1325,39,2.58
696,1154,11,1.78
392,964,3,3.67
189,211,29,2.6
935,1315,8,2.23
210,1594,25,1.22
1116,280,46,7.07
1726,1998,45,1.14
768,1304,39,10.11
49,825,23,4.36
1990,1365,32,1.98
1832,801,18,2.56
1034,621,36,8.28
1900,1579,2,5.6
1037,896,47,2.44
1212,1129,50,2.57
381,1349,28,9.34
1,1957,2,2.35
1607,831,46,4.51
1848,505,40,5.62
478,1695,6,2.78
407,135,22,3.91
1882,1972,18,2.73
987,874,4,0.81
1696,1185,5,4.9
1846,677,5,1.61
141,1813,14,2.08
1015,927,6,4.2
424,1836,41,1.92
404,84,13,2.38
1941,611,42,1.52
709,718,18,1.12
1205,668,41,7.32
1925,147,37,4.54
1603,1003,6,3.64
135,933,31,1.48
657,1838,9,1.62
1392,552,44,4.84
671,1527,21,4.84
1876,192,37,4.52
1491,301,13,5.54
1335,306,23,4.65
1393,1568,6,5.45
1470,933,27,1.48
972,394,24,1.61
1763,963,34,2.25
1994,1546,34,6.87
210,1118,29,1.54
346,1880,3,6.32
1804,171,11,1.65
1562,961,47,3.86
1070,1318,22,1.08
712,1410,30,3.91
556,235,36,1.51
1328,1166,8,5.13
1075,196,18,1.27
988,799,8,2.21
1915,1235,23,1.89
1989,1227,36,4.48
136,758,3,1.7
331,1210,20,3.1
4,295,23,2.89
1573,822,14,5.58
784,356,21,1.51
1098,1418,48,5.56
773,98,12,5.29
1879,1097,28,2.18
1863,270,21,8.61
496,1584,46,11.01
1036,1076,12,2.14
883,1652,50,2.86
450,42,33,2.06
1837,1137,43,2.07
1323,1922,20,3.44
1470,425,21,3.44
698,198,38,1.47
1155,513,24,3.17
320,622,36,4.43
921,1717,2,2.91
853,1418,8,5.56
1234,1117,38,2.24
291,1632,41,4.32
706,226,45,4.28
562,749,49,6.1
11,1868,13,4.7
146,1044,1,3.14
1215,1169,36,2.25
707,932,46,3.23
441,685,33,2.65
1456,1711,45,4.06
1199,1115,47,1.08
1396,611,8,1.52
613,1759,17,2.06
1938,1845,49,2.84
596,1832,39,6.93
1826,532,1,2.77
1920,1233,12,3.75
649,1048,40,5.34
1143,1403,35,2.74
278,1392,15,4.12
1802,857,26,2.67
1297,859,23,7.16
233,174,16,4.45
40,1369,43,3.56
50,692,48,3.16
547,1159,27,2.18
1187,420,38,3.59
1596,29,38,8.25
1654,81,29,3.05
1865,60,24,4.38
1062,1611,42,2.28
1362,204,29,2.43
1785,520,43,6.2
1810,184,3,6.57
1630,847,30,3.16
956,1218,27,6.56
1770,1720,33,4.53
1694,143,29,4.41
1564,1868,7,4.7
259,1831,30,4.46
470,1371,30,2.19
1798,1249,17,3.12
703,1640,5,4.71
449,69,25,7.89
1920,1217,1,2.28
789,338,42,5.51
1441,1220,32,4.4
1348,1664,10,9.89
957,755,31,2.22
773,1981,18,5
1173,797,30,2.14
477,1687,34,4.03
157,811,44,1.46
1910,1342,46,6.8
432,1236,28,2.09
1437,740,23,4.56
1482,1352,26,7.65
111,1481,14,4.77
261,1609,33,2.66
1455,850,32,4.44
313,35,36,1.61
404,625,40,3.95
648,1450,48,3.72
215,34,19,0.98
520,576,39,2.68
1371,1816,25,2.82
1711,1180,45,6.16
1503,459,25,10.43
477,544,1,6.04
1363,1859,14,8.2
697,742,41,4.56
939,313,23,5.99
1734,777,20,1.58
1241,1203,34,4.08
1100,1275,43,1.75
621,716,24,1.94
576,205,22,2.5
806,1872,30,4.82
941,234,9,1.14
562,572,16,3.37
360,244,11,3.29
1664,596,43,1.29
1685,688,27,3.22
771,1377,26,2.14
237,435,29,2.36
624,1014,14,6.99
690,1280,16,7.38
122,191,23,6.96
1403,358,37,1.5
1639,1895,38,3.67
677,517,11,1.65
1564,1587,45,5.12
499,1504,36,6.71
1257,919,7,1.59
1580,1033,44,3.32
28,1035,22,1.3
451,1115,30,1.08
392,145,35,3.74
1477,1971,3,1.66
43,1229,8,9.59
1296,1120,30,7.93
505,1386,35,3.87
1339,1093,13,1.58
845,1767,33,3.55
1482,709,10,9.44
989,1197,15,2.56
1019,415,49,2.55
740,45,46,1.75
455,336,13,4.02
959,81,26,3.05
826,1752,24,7.15
1348,609,45,2.5
1288,18,36,6.98
473,1463,21,3.77
930,1465,45,5.93
1805,1261,8,7.26
1540,1274,14,1.77
1856,35,18,1.61
1660,90,40,3.62
1121,292,36,3.2
1184,491,29,2.01
1136,733,25,1.36
1162,167,43,3.17
491,12,41,3.33
870,1509,15,7.54
1954,1253,42,1.4
897,1013,14,1.29
476,1706,20,6.38
1224,8,1,5.62
66,295,43,2.89
1491,11,3,1.37
539,1281,41,4.19
1712,1441,32,4.93
742,492,23,3.09
1115,1775,47,5.19
1824,981,42,8.66
1105,1277,28,2.01
528,1619,45,8.38
1570,160,41,5.67
496,657,35,2.06
617,1432,32,4.2
378,982,44,4.65
1353,108,21,6.56
1299,1324,45,3.45
699,1913,1,5.9
322,1664,45,9.89
1499,1833,15,5.97
1295,696,27,3.04
920,280,13,7.07
885,742,4,4.56
816,1426,39,6.6
8,697,45,2.22
257,1551,42,5.15
1154,281,46,3.35
771,389,48,6.22
1348,1209,1,3.75
924,1242,26,3
1513,1527,16,4.84
401,1606,25,2.94
421,1638,13,1.13
212,1722,50,2.03
1845,1098,33,4.59
449,1223,47,4.5
1202,815,43,5.36
954,650,46,3.83
1349,281,6,3.35
692,27,43,3.65
1883,1380,20,5.9
1630,1717,29,2.91
831,1023,34,4.62
239,977,39,2.87
744,1726,23,2.54
1856,1331,25,1.3
1143,1392,23,4.12
414,1324,2,3.45
1470,1293,31,2.09
333,542,37,3.76
399,1816,31,2.82
223,1632,14,4.32
706,741,16,5.85
1872,949,4,8.77
396,635,34,1.62
1953,1651,38,2.79
1848,963,47,2.25
949,1300,2,6.27
1406,384,16,7.4
1109,1279,13,1.51
1480,491,37,2.01
3,536,10,4.4
794,406,27,5.29
841,1237,25,2.73
1613,627,17,6.24
1789,302,45,4.92
1072,1234,5,1.63
1953,1422,11,6.36
1561,1881,18,4.1
1438,49,49,2.59
1172,1989,20,7.85
1000,1600,2,5.73
682,1248,43,5.99
728,863,41,4.52
1093,1577,33,1.53
1297,1890,10,4.36
889,944,11,6.83
1696,1981,12,5
432,837,30,2.23
449,1443,48,2.22
152,483,9,3.92
706,962,38,2.07
1728,72,2,5.48
934,408,4,5.75
481,1609,23,2.66
1468,655,6,5.23
1238,1988,14,5.51
1028,573,24,1.33
1903,1,43,2.97
1064,248,9,5.93
410,789,37,7.38
1659,1798,14,1.66
1620,1255,5,4.12
1048,86,16,3.27
1411,1608,38,4.31
1943,929,25,3.97
1614,1893,33,2.36
1606,779,5,8.94
1407,1129,9,2.57
1909,103,44,4.32
1955,800,42,5.62
606,1177,3,1.57
341,1697,50,2.76
570,211,47,2.6
203,887,23,4.16
102,1339,17,7.96
437,937,40,1.84
1634,1789,1,8.54
125,1815,22,4.52
1649,1786,8,4.24
1713,29,34,8.25
8,907,50,5.95
1057,691,35,2.26
930,1524,32,3.6
26,656,35,2.1
423,1038,26,1.81
208,950,37,8.79
1284,1896,12,2.61
1750,1798,46,1.66
1537,796,33,2.48
701,486,11,3.08
1379,509,29,8.15
694,1090,15,4.02
1058,947,15,4.14
1161,1929,26,3.88
719,1921,40,2.91
1706,1063,19,2.99
1157,1683,27,2.15
132,1043,2,4.39
366,601,29,3.06
1295,1813,35,2.08
467,1319,40,2.03
51,1917,38,2.2
203,442,16,2.43
1765,712,42,6.02
1779,1015,18,4.61
640,649,10,2.32
754,1937,9,1.77
865,1210,35,3.1
1625,1161,10,2.61
1124,716,38,1.94
597,1880,47,6.32
457,1937,50,1.77
1564,1439,41,1.41
453,157,1,1.84
1928,1944,50,10.63
649,519,39,2.37
905,217,32,1.83
1977,1366,13,3.29
198,1074,1,1.29
1020,1771,15,2.36
1189,661,15,8.39
938,302,45,4.92
1866,1963,4,3.43
458,1685,40,2.14
626,1744,17,7.5
819,340,16,3.86
1860,1041,20,2.63
1400,456,36,2.81
761,127,14,5.5
445,225,4,4.67
1280,1279,7,1.51
1226,77,2,3.35
1389,1451,11,1.54
1853,1309,4,5.79
1986,692,36,3.16
1357,1008,7,4.71
657,327,42,4.52
1412,1447,50,3.94
1203,637,39,3.16
759,219,26,6.11
971,1399,17,2.06
616,654,20,6.11
800,620,8,5.75
86,854,34,5.09
848,1124,6,2.34
1951,1324,1,3.45
1488,417,20,2.58
829,1949,3,8.4
620,1730,14,3.75
943,1561,41,2.89
1293,1491,6,2.28
945,519,3,2.37
1044,1883,3,2.62
1337,849,16,2.71
1095,1938,27,6.98
1442,1185,5,4.9
65,394,26,1.61
1681,145,45,3.74
793,955,30,1.79
1244,1429,11,8.43
369,1787,47,6.35
1184,1825,24,3.82
1164,42,50,2.06
778,452,11,2.26
688,165,48,1.87
1361,327,8,4.52
1926,1315,16,2.23
764,1067,43,6.28
1874,910,15,7.01
184,1280,14,7.38
56,895,13,4.01
1412,1636,30,2.19
851,1358,21,1.87
355,464,33,6.22
646,136,43,2.42
1622,832,42,6.05
603,1727,36,4.15
1573,388,3,4.76
1782,48,40,5.69
1919,1403,1,2.74
68,1041,29,2.63
359,480,33,5.06
1374,1425,45,5.61
1156,527,46,3.8
1531,869,25,5.31
63,773,50,1.8
1790,408,18,5.75
1442,1270,37,5.42
837,780,29,3.45
208,1078,38,1.6
1088,1551,45,5.15
143,134,38,5.85
1998,1418,36,5.56
1726,229,36,9.46
1106,727,33,3.36
101,130,49,2.85
1388,1868,43,4.7
1063,715,37,1.45
1486,1151,24,6.69
1473,1857,11,2.84
1219,45,7,1.75
175,1657,46,2.07
1768,1807,18,5.04
295,1248,45,5.99
940,931,34,1.48
880,1713,13,4.8
432,1431,29,6.53
448,421,2,8.3
1857,1748,40,5.73
1912,343,38,3.09
1224,367,15,3.44
1701,750,44,8.97
779,127,9,5.5
516,134,23,5.85
1214,267,10,3.85
1364,1151,27,6.69
617,755,15,2.22
516,1154,2,1.78
1085,72,50,5.48
1609,444,2,3.36
1556,775,33,4.09
541,1283,50,2.71
1623,1594,40,1.22
578,258,44,4.32
596,242,12,3.08
288,489,8,2.55
409,327,32,4.52
1114,1254,29,4.45
339,1605,46,2.83
1048,874,40,0.81
457,1974,45,5.02
1932,619,29,8.47
134,738,7,5.54
1624,369,12,3.91
1369,886,43,4.67
1456,974,7,3.79
616,514,38,1.03
1397,722,18,3.46
953,1906,7,6.89
293,990,43,7.36
667,1167,33,5.7
1751,1747,25,4.88
1808,11,27,1.37
1185,1450,39,3.72
1064,890,22,2.74
1864,1416,5,3.29
849,1321,19,2.69
758,712,12,6.02
342,1548,13,6.85
928,496,27,3.23
85,75,46,1.11
1155,1228,40,5.95
1737,230,36,5.41
690,1086,16,2.76
118,1342,49,6.8
258,7,41,2.8
991,1678,15,0.98
181,882,9,3.01
996,71,35,4.41
1808,963,46,2.25
1955,588,37,8.27
1253,1585,41,3.93
1914,1353,41,6.27
420,869,10,5.31
1686,1444,32,2.64
844,1301,3,8.05
1704,1387,42,6.13
1,1263,14,3.98
244,819,24,9.87
1151,500,2,4.77
1453,84,39,2.38
748,1791,36,6.6
1461,1630,12,6.91
229,1479,5,1.12
47,1797,5,2.23
211,1540,38,4.52
870,393,20,4.22
968,915,36,1.95
1611,1083,42,4.19
991,1047,12,4.34
85,641,21,4.57
1443,131,35,2.53
991,1037,7,2.48
642,1845,29,2.84
1855,544,38,6.04
1960,406,49,5.29
997,127,49,5.5
1319,1635,2,2.32
439,358,24,1.5
36,1774,12,6.19
1080,85,4,1.83
561,1406,31,4.59
1382,641,20,4.57
230,1914,3,1.61
1407,1295,6,4.92
98,874,33,0.81
1067,1042,17,2.29
1856,724,19,1.89
1474,1622,7,6.11
488,1602,44,3.06
803,1800,30,4.86
1099,63,36,4.49
1540,1068,9,8.2
1320,585,36,3.23
1078,906,16,3.79
1628,9,43,3.78
235,908,20,5.52
1279,901,31,7.93
1095,1017,10,2.04
1951,581,34,7.65
797,1585,25,3.93
1661,1445,20,1.98
468,1591,5,3.89
1938,1540,30,4.52
464,1819,44,10.3
1099,1733,24,2.21
753,739,38,9.25
946,1557,35,2.32
1432,477,42,3.25
1322,494,3,6.52
798,1307,17,5.98
1761,1890,45,4.36
1181,1358,19,1.87
652,944,25,6.83
421,397,31,1.71
1774,1796,30,1.77
1980,1009,26,3.29
1266,206,36,4.12
1598,167,9,3.17
95,1251,4,1.88
359,1747,44,4.88
907,518,11,1.34
1527,1375,50,2.67
1986,130,30,2.85
1825,695,23,3.74
1725,1201,21,4.54
655,1540,49,4.52
256,1497,18,2.38
1574,647,25,2.97
133,715,43,1.45
1378,1886,38,3.66
310,1526,41,3.76
261,1245,30,2.07
16,1043,43,4.39
980,1247,38,3.01
544,756,10,1.95
638,360,45,6.66
1347,1962,11,2.77
1009,1863,20,3.53
1742,471,33,6.49
1309,216,38,3.84
916,1873,42,5.41
755,552,38,4.84
1812,1546,47,6.87
908,721,44,3.43
310,596,42,1.29
1789,1329,39,2.3
1383,1342,12,6.8
1388,1416,19,3.29
414,1218,40,6.56
1174,960,9,5.58
1842,785,34,4.46
1761,1267,7,5.27
715,411,47,1.49
682,1853,8,2.47
818,257,17,2.22
839,1112,27,7.79
215,1090,41,4.02
55,1442,50,3.24
1150,1058,44,8.03
1062,1300,39,6.27
109,973,39,1.91
680,1037,8,2.48
654,1759,33,2.06
1953,918,31,1.47
449,348,22,5.45
490,797,20,2.14
188,152,16,6.77
87,1865,5,3.97
576,1214,4,4.53
1929,87,33,5.49
1617,359,22,1.56
1627,328,36,3.6
1595,84,8,2.38
489,151,50,4.5
1985,98,19,5.29
1422,218,37,5.38
1585,1719,18,2.08
266,1098,43,4.59
275,2,37,2.02
393,762,25,3.43
98,1801,10,2.73
1719,1935,1,3.35
1981,280,25,7.07
783,1959,38,2.27
1369,1836,32,1.92
1238,824,33,9.02
797,406,21,5.29
1444,1331,13,1.3
1868,1418,42,5.56
1622,1253,26,1.4
280,303,42,3.94
1344,452,29,2.26
647,1261,21,7.26
23,1309,26,5.79
748,998,2,1.38
595,1772,6,2.8
1322,1874,23,1.29
1187,257,14,2.22
947,1984,48,7.29
1738,1121,37,4.72
341,54,22,5.85
68,1980,8,4.95
1282,1511,28,5.73
1719,1496,44,3.44
62,951,37,5.17
1415,1621,9,7.19
521,1546,8,6.87
1022,1346,29,3.9
662,1590,11,8.03
1785,298,45,5.63
690,1771,16,2.36
778,37,11,2.66
1457,340,3,3.86
1039,1444,9,2.64
1206,1330,33,3.67
330,113,44,4.27
1565,1845,13,2.84
1482,1951,21,4.15
838,127,16,5.5
108,20,16,3.22
1440,504,8,8.77
1767,829,1,9.19
582,306,37,4.65
958,1855,28,3.11
219,1743,16,4
1999,1347,45,4.57
616,1551,8,5.15
832,1014,38,6.99
565,1962,27,2.77
1204,704,42,10.73
1200,243,41,2.41
938,1697,31,2.76
961,907,11,5.95
488,1903,21,3.4
631,326,1,4.42
1623,1169,20,2.25
1569,136,39,2.42
451,872,26,7.39
223,1540,50,4.52
1432,1565,40,2.3
1824,1972,47,2.73
1790,1235,39,1.89
1480,21,44,7.74
281,117,7,2.76
1394,1114,16,1.5
1228,1412,20,2.6
447,723,35,2.38
1087,250,50,3.03
1955,389,24,6.22
1286,1181,8,4.8
47,1667,24,5.04
1935,1833,1,5.97
943,1379,44,10.69
1417,407,3,5.31
1287,937,8,1.84
382,1884,8,1.97
523,1714,50,1.53
1090,223,13,2.92
245,781,31,8.88
605,1808,25,5.43
1483,338,13,5.51
1621,1566,13,4.77
1952,1813,49,2.08
435,1407,11,5.9
499,79,42,1.28
779,1949,10,8.4
953,227,43,3.61
1819,884,40,3.7
1710,856,37,4.23
244,1686,39,4.06
938,633,19,4.85
865,1007,5,4.02
1928,1516,41,2.31
707,1648,41,5.36
1520,1181,28,4.8
1906,1076,50,2.14
1542,1631,26,4.26
205,1279,27,1.51
1034,58,35,6.33
225,835,48,1.4
1537,1459,11,6.2
124,1897,7,1.58
1244,287,50,5.44
301,1401,28,4.09
898,1363,5,2.77
716,1001,32,4.17
1365,439,10,1.32
396,743,43,5.15
1508,46,44,5.09
1024,852,37,1.95
1501,874,16,0.81
1114,871,27,5.1
1979,5,18,2.02
497,87,50,5.49
414,1249,42,3.12
1516,1763,33,2.91
990,1940,27,5.99
616,1449,42,3.89
880,726,6,4.48
1961,724,30,1.89
1983,1965,7,2.4
281,1571,34,2.14
107,1106,39,5.43
712,1179,17,9.89
608,193,5,3.26
260,1729,39,2.85
331,465,41,5.96
474,1164,48,3.23
1150,1689,12,3.6
107,578,3,7.41
1307,1690,47,2.8
1681,103,9,4.32
105,130,19,2.85
74,1788,14,7.96
1506,586,42,6.57
1436,747,21,4.72
881,1789,18,8.54
250,1723,22,2.19
310,851,7,2.31
276,81,40,3.05
414,1954,20,0.88
737,147,47,4.54
434,971,2,1.8
523,1470,36,6.05
247,420,7,3.59
98,1434,12,1.63
359,1108,50,5.36
1877,650,24,3.83
854,1517,49,3.27
1013,1148,31,7.7
553,612,14,3.36
1901,306,37,4.65
1098,1116,29,2.68
919,185,44,4.62
557,1828,30,7.77
1335,1711,4,4.06
1688,252,7,2.74
1257,1552,26,5.75
186,70,15,7.61
140,1234,1,1.63
368,655,15,5.23
1583,1389,38,9.27
449,1837,10,2.39
1727,391,27,4.47
1505,935,42,4.65
1829,57,37,1.93
1257,1770,26,3.24
161,1049,16,2.18
1817,53,45,1.12
1429,1395,12,1.08
1391,1574,1,5.13
44,1083,25,4.19
1635,684,12,2.17
341,1229,11,9.59
587,1272,2,5.89
716,1236,29,2.09
1810,1342,35,6.8
126,1390,42,7.52
91,171,40,1.65
693,1175,27,3.15
1963,1017,25,2.04
1381,1680,27,7.77
1039,828,3,5.91
111,261,11,6.38
863,1362,5,1.88
943,1678,6,0.98
1006,1661,48,6.85
168,1494,39,4.23
552,1629,25,8.82
1167,354,38,1.23
615,1827,50,5.73
1629,1544,15,11.45
865,1231,45,6.58
80,208,24,4.82
1146,1463,2,3.77
306,1650,37,4.18
1944,1360,1,6.58
547,353,2,5.91
1567,905,42,5.38
793,1135,21,3.47
228,1716,30,2.1
1633,1924,10,3.31
883,909,39,5.21
181,1518,31,1.88
1124,1171,2,2.34
416,358,31,1.5
16,827,18,6.47
183,1509,49,7.54
105,782,15,6.95
739,636,3,2.31
832,242,2,3.08
1114,191,28,6.96
1916,902,34,4.78
1702,938,24,5.31
397,322,37,2.28
507,1120,7,7.93
193,286,43,3.81
921,421,45,8.3
195,1886,23,3.66
324,1983,25,3.15
1847,868,39,8.5
1789,1509,48,7.54
163,291,8,1.83
342,985,33,5.78
1940,41,12,2.64
1216,53,8,1.12
1972,1480,6,6.58
1871,475,26,1.91
588,17,34,2.21
1580,330,9,3.53
1870,353,26,5.91
1108,1888,29,5.95
344,684,29,2.17
643,1419,16,10.2
352,775,36,4.09
1712,482,33,2.07
1877,891,3,2.42
247,20,17,3.22
1814,107,23,4.55
1224,1050,45,2.82
56,216,3,3.84
445,755,2,2.22
1511,201,15,4.95
1524,1490,6,4.01
52,1018,3,7.8
290,1693,37,2.24
881,1906,20,6.89
833,1988,15,5.51
1523,980,47,5.58
1255,1568,1,5.45
168,1837,4,2.39
664,1552,34,5.75
1177,1004,17,3.53
13,857,6,2.67
266,755,25,2.22
566,1969,47,3.32
1426,249,11,3.48
631,784,15,9.43
985,870,29,6.55
1656,1932,11,2.76
1385,835,30,1.4
1795,1309,11,5.79
815,112,18,7.51
401,566,39,2.64
1244,632,42,6.99
1022,1492,36,2.04
1407,1228,6,5.95
1578,1135,14,3.47
1273,310,19,8.94
11,1509,46,7.54
1778,477,25,3.25
81,922,40,3.24
727,880,6,6.4
263,1459,18,6.2
523,68,28,6.2
1012,356,36,1.51
748,1689,2,3.6
1733,1674,6,1.03
296,314,26,1.36
1718,1308,46,5.16
1223,450,12,4.85
1677,1513,10,4.6
1932,1333,22,1.78
1365,627,29,6.24
1074,833,31,5.39
493,1470,20,6.05
1196,682,34,2.67
1877,688,39,3.22
1104,83,3,3.24
187,695,29,3.74
1813,948,38,7.75
1846,1097,33,2.18
891,447,38,3.95
1843,503,45,4.53
686,153,36,5.6
154,885,48,2.92
1732,1388,19,5.63
1563,319,27,2.07
1041,907,19,5.95
1219,92,39,2.83
1568,1965,12,2.4
278,393,1,4.22
1185,1201,27,4.54
1158,439,6,1.32
286,1115,40,1.08
25,859,4,7.16
844,844,10,3.39
204,134,17,5.85
1932,438,5,1.85
1443,1623,11,3.53
171,1044,1,3.14
450,920,43,5
605,522,9,1.71
1757,1470,16,6.05
1524,363,23,2.7
1513,1034,17,1.64
53,698,29,4.25
34,155,39,1.33
962,263,7,5.01
568,888,22,5.24
1961,631,32,4.83
1577,1916,3,2.02
987,809,25,3.65
336,282,7,3.24
1650,188,9,6.88
1839,1875,10,1.2
1356,1423,3,3.99
221,383,29,3.78
782,1799,20,2.49
615,1081,1,4.44
164,882,31,3.01
683,201,18,4.95
88,794,40,1.74
1319,1560,41,6.58
35,1264,5,7.08
257,1104,29,8.25
1135,964,17,3.67
1431,536,49,4.4
738,1859,49,8.2
197,747,29,4.72
1679,1224,49,8.86
1974,1334,39,6.36
131,1235,10,1.89
1333,590,4,4.86
1884,1156,26,2.49
1608,1668,2,5.41
1013,61,22,7.58
1422,61,4,7.58
839,1621,37,7.19
17,1900,30,6.25
596,1409,9,3.63
1985,1201,7,4.54
1310,435,15,2.36
22,1732,35,2.09
1879,229,14,9.46
1124,1532,2,2.29
1139,413,5,2.15
1121,1667,29,5.04
1711,186,42,5.06
617,1320,1,5.59
1748,128,30,5.29
1485,2,46,2.02
1017,1537,12,2.12
1276,1970,49,2.75
502,735,9,4.62
828,603,30,4.18
510,124,30,2.77
667,1764,14,2.14
1602,951,38,5.17
84,955,7,1.79
1136,9,36,3.78
1008,111,5,4.4
458,1110,9,7.24
765,1761,20,3.83
842,777,4,1.58
1143,877,23,3.09
1694,1734,22,4.56
1621,246,47,3.25
1508,1849,6,3.87
818,1158,33,1.18
514,1820,23,5.9
1044,1599,4,1.96
520,1424,44,9.55
704,778,40,8.27
1151,250,1,3.03
1705,237,10,1.78
796,23,23,4.74
845,1848,40,5.39
863,1336,50,3.51
149,551,3,4.53
1478,1513,28,4.6
99,1463,20,3.77
929,1717,23,2.91
1053,1650,17,4.18
365,1362,30,1.88
1569,1179,23,9.89
1995,53,24,1.12
1331,1381,11,5.7
1540,1642,20,2.79
1949,682,29,2.67
954,1631,28,4.26
919,627,24,6.24
1446,533,25,1.53
677,1619,27,8.38
1386,817,39,2.13
1332,1786,27,4.24
838,845,45,1.95
1838,1014,25,6.99
589,947,15,4.14
777,1632,22,4.32
1786,1421,40,6.33
1190,822,30,5.58
883,1927,47,4.37
1044,394,5,1.61
376,1770,48,3.24
153,87,21,5.49
603,1659,7,10.54
966,700,4,4.47
386,295,43,2.89
809,1145,49,4.19
118,992,44,4.84
638,1346,49,3.9
306,840,27,4.68
976,1633,5,6.26
1343,1917,30,2.2
439,264,3,8.7
1134,441,1,3.1
715,1666,34,6.52
878,208,35,4.82
1075,498,7,5.74
1368,1193,31,3.7
366,1190,47,6.3
934,175,11,3.65
1354,1146,27,6.57
33,606,13,3.54
1330,1540,28,4.52
801,660,32,3.8
898,886,10,4.67
547,401,42,3.97
1937,427,5,5.76
4,1737,37,2.27
551,1331,36,1.3
70,202,31,2.81
357,1514,38,1.67
1007,1217,44,2.28
614,466,11,6.78
1794,1330,4,3.67
219,1846,39,2.69
796,818,34,5.28
1613,569,30,2.6
663,1670,26,7.39
174,1477,30,2.79
1740,861,21,5.09
1748,434,18,1.16
929,1360,40,6.58
1386,35,23,1.61
504,1147,11,4.56
1668,1727,31,4.15
1474,613,6,2.31
1840,1751,41,5.72
1642,378,50,5.26
281,1098,39,4.59
152,778,4,8.27
943,373,28,2.29
1821,784,30,9.43
490,1894,37,6.99
1358,18,20,6.98
334,748,48,5.79
225,1325,19,2.58
1705,1724,44,3.69
1909,487,41,5.26
1186,911,25,6.88
736,184,18,6.57
45,583,46,4.74
1837,1579,46,5.6
105,419,17,7.44
429,58,36,6.33
1049,762,41,3.43
1858,696,45,3.04
933,951,34,5.17
1879,1868,40,4.7
157,1334,12,6.36
522,389,19,6.22
1211,330,18,3.53
1164,1592,21,4.03
886,400,37,5.7
17,694,18,6.42
280,1045,47,2.77
917,1634,32,1.31
92,822,47,5.58
1379,1277,17,2.01
361,1478,36,1.99
937,554,6,1.66
619,353,31,5.91
1660,1367,49,3.65
718,734,1,6.21
755,417,15,2.58
1716,1899,48,7.33
212,298,16,5.63
1503,1403,2,2.74
312,1235,1,1.89
812,187,1,6.37
820,1506,45,6.25
1405,1794,11,1.5
876,258,18,4.32
1261,560,35,7.88
967,1505,47,3.38
50,329,32,3.32
483,914,33,1.51
853,1783,26,3.89
546,696,11,3.04
20,1224,11,8.86
5,1353,26,6.27
1393,306,3,4.65
1683,1734,15,4.56
715,711,48,6.86
564,1182,5,5.05
1011,1315,9,2.23
1587,257,14,2.22
1699,1247,6,3.01
104,482,25,2.07
451,1461,16,8.38
1618,858,16,5.44
610,1816,14,2.82
880,1057,45,1.69
208,710,36,4.68
245,444,12,3.36
955,217,31,1.83
1848,1271,26,5.81
1507,1472,48,4.82
516,1143,20,3.1
453,1289,22,2.35
183,501,5,8.65
1670,1672,23,5.52
179,978,1,6.24
462,1658,6,7.45
381,1074,19,1.29
1599,1693,7,2.24
1422,462,36,4.65
636,1374,39,5.31
781,1986,3,4.8
1812,1195,20,2.49
795,632,39,6.99
425,1674,28,1.03
1561,472,7,7.33
1240,376,1,2.65
1371,1903,33,3.4
1283,559,22,1.32
1384,519,23,2.37
610,1761,1,3.83
1949,1726,21,2.54
404,1780,40,5.88
1603,1098,1,4.59
467,318,47,1.46
40,1466,11,5.79
727,487,7,5.26
848,1119,22,2.07
1463,1058,46,8.03
1892,71,44,4.41
657,134,15,5.85
552,1049,29,2.18
709,606,11,3.54
1088,976,16,3.75
899,1682,46,2.03
337,1477,10,2.79
623,1956,14,2.61
624,824,14,9.02
1468,1674,42,1.03
2,1293,9,2.09
664,974,23,3.79
1498,394,23,1.61
828,23,22,4.74
569,1010,49,4.44
1102,1733,45,2.21
954,938,17,5.31
1300,317,2,3.38
168,1728,6,4.5
314,1690,29,2.8
640,654,11,6.11
1093,1870,49,5.15
1699,192,7,4.52
1832,1870,31,5.15
1504,1718,16,1.14
1393,1255,3,4.12
1798,106,33,4.89
1436,1603,11,3.57
1558,1452,13,2.48
381,1412,44,2.6
299,203,40,3.21
631,1058,24,8.03
731,1923,6,3.85
1105,1440,24,5.53
826,76,15,2.3
249,1821,49,8.31
1141,328,43,3.6
169,1542,24,3.95
549,602,38,2.61
919,147,19,4.54
553,1168,24,6.32
1452,502,24,5.66
1356,3,26,2.2
1826,1162,14,3.38
233,1688,15,3.23
74,1156,32,2.49
1533,8,45,5.62
930,722,15,3.46
306,1338,48,5.98
1959,1495,32,4.17
747,848,38,5.57
1927,638,37,1.55
290,157,32,1.84
95,63,3,4.49
952,1158,22,1.18
357,1552,38,5.75
743,803,48,2.36
395,776,30,3.09
1250,251,19,1.3
685,1749,4,7.26
1442,96,33,3.68
1643,274,29,1.42
690,1135,50,3.47
455,433,8,3.26
1841,1679,33,1.97
1787,1040,7,8.94
604,1093,24,1.58
526,1067,32,6.28
736,1132,41,2.46
1714,884,33,3.7
1114,936,19,2.01
151,1428,22,7.3
1070,1428,42,7.3
627,875,18,1.97
463,1527,8,4.84
1282,467,37,4.39
501,1554,49,1.18
1616,1834,40,0.86
1474,922,29,3.24
1553,1103,12,3.06
1142,1642,28,2.79
1016,1607,40,5.24
20,1420,11,5.53
433,1635,10,2.32
706,1287,35,3.21
330,848,50,5.57
1087,571,44,1.91
1017,1665,38,5.56
1181,1789,50,8.54
884,1613,38,1.6
1523,1365,48,1.98
1103,114,39,1.08
1715,326,3,4.42
639,1196,16,1.3
1892,1722,3,2.03
1458,716,34,1.94
1576,1247,24,3.01
524,1325,4,2.58
1026,164,20,2.66
1978,676,8,1.69
1425,1685,27,2.14
1525,472,41,7.33
1983,1998,42,1.14
102,134,31,5.85
1132,499,19,10.34
1331,865,49,5.92
724,828,8,5.91
887,433,1,3.26
808,180,11,4.98
447,1407,47,5.9
561,507,32,6.03
99,1582,19,4.95
1310,1471,43,6.7
1689,158,29,0.99
1146,1839,19,2.05
916,965,1,2.49
749,1057,25,1.69
10,1271,42,5.81
735,1176,22,4.03
1111,1893,7,2.36
1242,1198,38,1.91
1059,1734,39,4.56
1880,1284,2,3.4
1489,745,42,5.33
951,645,28,1.85
898,1990,36,5.88
1886,435,35,2.36
763,1095,43,3.2
1925,1973,6,2.02
1644,196,13,1.27
1231,757,20,2.08
1124,1918,3,1.57
774,291,17,1.83
1037,1680,23,7.77
922,924,27,2.83
92,639,48,1.24
492,1179,26,9.89
1697,133,12,1.07
631,880,35,6.4
1930,1695,18,2.78
1129,1852,10,3.1
210,1821,6,8.31
1765,1934,44,5.62
1897,1295,12,4.92
1731,271,6,6.2
395,337,2,1.54
621,598,24,1.82
1936,988,19,6.93
1694,94,14,5.64
1088,693,44,1.22
936,295,43,2.89
473,737,42,1.82
201,747,33,4.72
911,711,36,6.86
78,1959,13,2.27
716,1418,46,5.56
43,696,47,3.04
1831,1446,43,2.55
910,1576,26,3.52
127,171,14,1.65
1523,1692,4,2.15
460,262,42,4.33
750,992,20,4.84
674,40,39,8.28
629,573,46,1.33
1763,18,38,6.98
195,71,34,4.41
15,945,17,3.07
187,1475,50,1.24
1077,1893,49,2.36
954,70,38,7.61
1258,514,20,1.03
723,1251,45,1.88
1579,1559,15,2.34
1107,460,10,4.22
485,1283,15,2.71
1498,1147,35,4.56
611,1983,47,3.15
999,158,35,0.99
928,299,33,9.31
624,473,27,4.23
397,1375,29,2.67
233,913,23,3.76
473,1441,5,4.93
43,455,36,3.71
1312,856,4,4.23
711,51,35,2.35
1531,1922,38,3.44
1820,1006,40,4.28
578,804,32,2.03
1558,1662,25,3.84
1011,1136,42,2.26
14,780,5,3.45
1479,1451,23,1.54
824,1420,40,5.53
1901,1894,4,6.99
1202,676,22,1.69
1012,1193,44,3.7
1162,118,11,1.55
1443,800,31,5.62
1078,690,45,3.74
274,11,46,1.37
1731,892,34,2.7
1072,694,30,6.42
1612,1882,41,1.63
1725,1460,16,5.53
469,1024,23,11.97
533,672,2,7.65
582,1069,6,6.98
939,91,16,1.34
691,1846,28,2.69
553,1280,38,7.38
880,662,37,5.62
1133,629,8,8.05
70,194,12,1.16
1205,1556,46,1.47
198,71,30,4.41
1971,1575,27,3.21
995,855,49,4.17
708,895,34,4.01
1565,452,1,2.26
1892,416,38,3.27
1787,593,42,3.9
902,135,41,3.91
479,1772,28,2.8
559,1227,46,4.48
1776,184,15,6.57
1251,832,48,6.05
1186,990,19,7.36
1896,1100,36,3.8
1791,679,38,1.95
1531,1398,42,1.92
959,1023,8,4.62
97,347,39,4.7
1645,1853,29,2.47
857,1252,15,3.06
1885,525,8,2.79
483,155,26,1.33
872,196,23,1.27
1879,1198,4,1.91
1736,1952,28,5.82
1085,1358,28,1.87
206,730,16,4.28
1052,1852,36,3.1
1345,1380,33,5.9
1347,1139,46,10.18
919,1905,50,4.86
1404,952,13,5.66
1274,763,20,2.45
503,1197,9,2.56
435,1397,34,2.95
527,1506,46,6.25
1165,1047,21,4.34
1828,6,41,5.14
969,692,19,3.16
180,784,35,9.43
300,1779,8,5.52
496,743,23,5.15
1941,950,46,8.79
1893,1687,50,4.03
1119,1353,39,6.27
1176,1200,17,5.21
979,1344,30,11.78
638,1470,30,6.05
570,1428,48,7.3
620,130,6,2.85
1947,1459,43,6.2
1880,253,6,2.4
707,1404,32,2.96
198,229,41,9.46
476,1660,14,4.61
430,1825,31,3.82
1360,1552,23,5.75
21,309,10,8.22
1515,1470,40,6.05
1690,341,49,6.68
1390,1137,47,2.07
307,1417,33,2.37
1110,663,10,4.88
442,1538,31,5.17
989,1153,5,3.33
425,119,30,2.15
408,1029,48,8.03
214,1724,47,3.69
1002,1430,19,4.74
289,923,19,2.65
477,1777,20,1.64
1464,1985,18,3.74
284,703,35,3.19
478,1608,27,4.31
811,1995,50,2.11
669,1903,13,3.4
18,1962,9,2.77
113,551,34,4.53
1195,573,49,1.33
1979,198,23,1.47
1952,1464,27,11.24
433,1726,26,2.54
1725,1299,18,9.55
1547,1956,48,2.61
1904,940,26,6.24
1466,773,14,1.8
1260,1304,27,10.11
1219,1105,35,4.17
750,1470,5,6.05
1331,1724,18,3.69
1340,1873,2,5.41
1785,184,43,6.57
421,800,9,5.62
372,1873,41,5.41
879,179,21,6.52
1442,397,29,1.71
1362,953,47,5.49
1275,1283,24,2.71
50,150,40,4.6
1817,1742,3,6.15
1248,1154,15,1.78
944,496,47,3.23
1750,214,30,4.63
327,1402,18,3.32
767,1492,24,2.04
1053,619,35,8.47
1203,510,10,8.4
1215,811,32,1.46
1409,790,39,4.64
954,639,4,1.24
445,1026,49,4.79
152,1829,41,7.07
1032,1389,41,9.27
627,1526,35,3.76
85,1036,49,2.32
1089,206,50,4.12
504,390,47,7
1851,804,41,2.03
123,1572,17,3.02
1063,1351,44,5.19
113,1291,29,1.78
627,1883,36,2.62
1091,732,41,3.2
183,1096,21,2.25
1616,1004,5,3.53
158,457,1,2.99
225,1439,1,1.41
1507,317,27,3.38
434,414,2,6.58
1571,142,27,3.62
518,702,34,6.59
1446,212,14,2.95
833,235,13,1.51
618,269,15,5.46
309,1896,20,2.61
1214,1132,35,2.46
1595,975,35,3.9
484,1545,18,3.8
1646,13,38,1.72
1668,98,49,5.29
269,197,14,3.08
1909,1197,30,2.56
784,1775,50,5.19
704,756,17,1.95
94,1458,39,4.17
1302,762,50,3.43
707,1008,8,4.71
1887,1564,48,1.88
210,1531,35,2.33
1586,1205,35,2.69
42,1645,12,1.54
1479,493,31,2
1828,1384,40,10.92
370,137,9,2
1496,1098,6,4.59
1683,1916,50,2.02
1302,1881,48,4.1
1428,1968,22,3.94
509,1807,14,5.04
802,553,17,4.71
1241,945,34,3.07
1548,507,33,6.03
483,185,40,4.62
333,260,38,5.38
640,1322,27,2.37
631,455,49,3.71
227,1792,38,6.2
107,1114,9,1.5
790,1330,11,3.67
1080,557,17,1.95
307,1489,10,3.47
1992,1813,10,2.08
727,1365,33,1.98
1450,802,9,2.91
1758,1705,34,5.74
203,948,42,7.75
810,1808,32,5.43
1657,1443,30,2.22
737,971,19,1.8
1342,424,33,7.64
1367,807,28,5.11
986,1147,4,4.56
567,1765,45,2
685,849,36,2.71
445,181,40,6.61
1725,1677,39,3.01
479,1760,5,7.15
1523,1105,7,4.17
1179,1192,50,5.44
300,29,21,8.25
1194,231,39,3.8
1249,305,49,3.29
1356,1568,44,5.45
332,1610,1,2.62
785,468,7,5.42
1890,247,8,2.91
240,1692,42,2.15
1568,988,26,6.93
1099,1623,48,3.53
612,583,43,4.74
1773,1557,47,2.32
1145,1728,30,4.5
1420,1417,23,2.37
1122,1037,41,2.48
1397,1175,49,3.15
1617,1358,32,1.87
989,732,37,3.2
1919,1043,7,4.39
1790,1962,20,2.77
1352,1826,40,3.66
108,1809,24,2.53
1021,739,38,9.25
1109,1982,17,4.02
819,875,43,1.97
1054,251,16,1.3
322,668,29,7.32
407,1698,41,5.95
751,1073,12,5.64
189,1445,16,1.98
458,167,8,3.17
880,1368,8,4.57
1561,1744,42,7.5
805,86,18,3.27
1749,902,5,4.78
375,297,7,1.66
209,401,6,3.97
799,1578,20,6.01
1476,1803,27,3.45
391,1297,50,1.66
1380,1163,35,3.93
1150,1124,48,2.34
1194,934,29,6.82
600,1887,16,4.28
397,326,45,4.42
1466,1654,48,4.54
23,1843,50,4.45
580,1559,22,2.34
524,1427,27,3.86
677,408,27,5.75
476,210,10,4.05
324,1000,21,6.34
1733,854,22,5.09
1689,659,28,8.46
882,1480,30,6.58
358,574,16,5.53
1630,187,5,6.37
594,385,47,5.81
81,1090,25,4.02
731,1661,49,6.85
1093,1909,4,9.6
1231,1917,26,2.2
1200,1041,1,2.63
1229,1697,44,2.76
1297,1049,38,2.18
1498,84,25,2.38
1185,799,3,2.21
1124,1387,24,6.13
278,322,9,2.28
1708,326,10,4.42
439,243,30,2.41
598,3,22,2.2
1343,1424,39,9.55
783,1647,16,5.51
656,1573,29,2.3
44,331,14,2.41
1719,1574,19,5.13
1111,1751,26,5.72
1846,703,1,3.19
1816,1089,43,2.64
1180,282,31,3.24
1411,378,14,5.26
1686,868,18,8.5
274,1295,29,4.92
555,1900,43,6.25
806,1026,1,4.79
1851,1080,47,7.64
1171,1626,9,6.45
940,1592,27,4.03
234,619,32,8.47
86,1171,15,2.34
1170,1448,37,3.97
1030,1578,2,6.01
910,106,41,4.89
452,1750,35,6.78
276,1771,15,2.36
1199,555,22,1.81
1162,582,13,5.22
147,717,17,3.08
314,1585,50,3.93
1844,1462,35,3.54
1884,1446,24,2.55
1893,1271,1,5.81
110,820,20,5.46
1787,1204,30,2.4
312,1075,21,1.83
937,1394,46,1.58
863,1319,24,2.03
1528,1113,5,5.65
1423,1756,38,2.32
1358,1557,16,2.32
1627,384,36,7.4
1565,137,39,2
784,1734,5,4.56
414,77,23,3.35
1107,220,10,5.88
1722,272,14,5.07
1300,429,38,8.81
72,1670,16,7.39
762,1140,28,5.42
386,526,32,3.12
1945,1472,30,4.82
4,1878,40,1.88
70,645,14,1.85
507,1670,15,7.39
411,1514,42,1.67
1489,1762,14,2.12
765,1878,36,1.88
432,240,32,7.18
1930,54,29,5.85
118,994,41,1.22
236,712,6,6.02
1533,1044,15,3.14
637,1762,23,2.12
355,275,14,2.16
82,623,24,3.86
1590,407,3,5.31
1252,1754,6,1
1432,883,37,2.79
1267,1278,2,1.1
1745,1276,49,1.68
970,288,43,6.1
1118,123,27,3.05
890,1146,9,6.57
1044,1289,31,2.35
1950,713,32,3.85
