order_id,customer_id,retailer_id,order_date,status
1,431,802,2021-03-04,Delivered
2,1671,32,2023-10-09,Returned
3,1918,537,2020-05-20,Pending
4,1844,1115,2024-12-13,Processing
5,1242,1981,2023-08-11,Shipped
6,1901,583,2024-01-29,Shipped
7,1054,1458,2021-10-14,Cancelled
8,527,537,2020-12-28,Pending
9,1131,659,2023-03-25,Pending
10,750,894,2021-02-15,Delivered
11,195,85,2023-07-08,Pending
12,1395,918,2024-12-13,Pending
13,448,206,2021-01-02,Delivered
14,308,1514,2023-01-13,Cancelled
15,1398,292,2021-08-23,Returned
16,134,737,2021-12-31,Returned
17,1411,843,2020-10-24,Shipped
18,1899,1694,2023-07-10,Delivered
19,744,1073,2020-09-13,Shipped
20,1878,176,2022-08-09,Returned
21,1400,1294,2020-05-20,Pending
22,1436,137,2024-01-25,Pending
23,1229,704,2020-08-14,Cancelled
24,478,917,2021-04-02,Delivered
25,1054,299,2024-09-02,Returned
26,1619,1198,2021-04-30,Pending
27,537,1824,2024-12-13,Shipped
28,1585,451,2021-10-24,Pending
29,1131,605,2021-01-06,Shipped
30,819,194,2024-10-28,Cancelled
31,1681,1560,2024-10-31,Processing
32,597,1001,2022-07-13,Pending
33,829,638,2023-10-14,Processing
34,1612,657,2024-07-03,Pending
35,1022,211,2023-03-16,Pending
36,1812,1914,2024-01-24,Shipped
37,329,503,2022-07-25,Processing
38,735,1967,2021-08-26,Processing
39,1489,1721,2024-04-04,Delivered
40,1483,901,2023-06-15,Delivered
41,669,1089,2023-06-18,Processing
42,1735,1116,2023-08-10,Returned
43,1363,497,2022-08-18,Returned
44,1531,864,2022-08-25,Processing
45,781,1363,2021-01-13,Returned
46,1157,1435,2021-12-10,Delivered
47,1556,881,2023-01-16,Cancelled
48,195,1139,2024-01-29,Cancelled
49,174,966,2023-10-07,Processing
50,207,1779,2021-12-12,Processing
51,4,1863,2023-11-20,Processing
52,322,759,2022-07-11,Pending
53,591,10,2021-11-16,Returned
54,520,513,2023-11-04,Shipped
55,1837,1976,2020-04-07,Shipped
56,1308,855,2023-02-17,Cancelled
57,1527,1726,2021-04-23,Cancelled
58,630,1083,2021-08-05,Cancelled
59,1042,466,2021-01-13,Delivered
60,1309,1337,2022-03-16,Processing
61,466,1354,2020-02-25,Cancelled
62,1941,1276,2021-06-08,Pending
63,1280,446,2023-05-25,Returned
64,1339,1822,2023-12-24,Pending
65,1640,1655,2022-05-27,Processing
66,475,1904,2022-02-02,Cancelled
67,1932,850,2024-03-06,Returned
68,890,226,2022-01-04,Delivered
69,1461,320,2021-08-25,Shipped
70,687,77,2020-10-26,Processing
71,602,1163,2024-03-10,Returned
72,1793,429,2023-02-21,Shipped
73,582,1013,2020-11-29,Processing
74,273,1044,2023-02-02,Pending
75,980,702,2024-09-01,Pending
76,904,1922,2021-07-20,Processing
77,1587,49,2023-01-10,Pending
78,1943,1393,2020-09-16,Returned
79,1119,1847,2021-04-26,Processing
80,683,683,2020-04-22,Returned
81,1180,780,2024-06-17,Delivered
82,1346,504,2023-06-08,Pending
83,536,1240,2023-05-20,Delivered
84,664,1315,2023-03-04,Pending
85,851,1098,2020-04-22,Pending
86,1096,1183,2022-09-08,Cancelled
87,1016,1503,2020-01-11,Pending
88,1137,834,2023-05-27,Cancelled
89,1769,515,2020-12-06,Delivered
90,1627,266,2022-04-22,Shipped
91,1183,407,2022-10-04,Pending
92,1317,414,2022-06-23,Returned
93,44,1760,2020-03-12,Pending
94,1949,240,2022-12-09,Delivered
95,1624,1275,2022-10-02,Pending
96,271,1117,2020-01-04,Delivered
97,932,1428,2022-09-29,Shipped
98,1271,1849,2020-05-02,Returned
99,255,1130,2024-01-14,Shipped
100,262,52,2024-08-02,Pending
101,675,631,2020-08-28,Processing
102,952,1886,2023-10-17,Delivered
103,194,1454,2021-07-05,Pending
104,129,1718,2021-03-21,Shipped
105,1125,57,2024-04-12,Returned
106,206,1750,2021-03-29,Returned
107,831,186,2020-08-06,Cancelled
108,67,448,2023-09-09,Cancelled
109,1117,765,2021-05-12,Processing
110,298,1351,2023-12-31,Delivered
111,1721,1,2020-04-24,Returned
112,1985,1652,2023-10-06,Delivered
113,371,703,2024-04-16,Delivered
114,921,763,2020-04-25,Pending
115,1785,1666,2020-08-01,Returned
116,165,701,2022-09-16,Shipped
117,1104,451,2022-10-15,Processing
118,1694,1012,2023-08-29,Returned
119,1191,367,2022-08-09,Cancelled
120,586,179,2024-12-07,Delivered
121,997,1768,2023-07-13,Pending
122,529,1632,2023-06-21,Delivered
123,605,416,2023-02-25,Processing
124,1106,226,2022-07-14,Cancelled
125,1950,630,2024-09-25,Processing
126,1859,1732,2021-10-10,Delivered
127,1893,172,2022-04-21,Delivered
128,764,1313,2020-03-12,Shipped
129,1374,1751,2021-03-11,Shipped
130,1929,1869,2021-04-09,Processing
131,1176,378,2020-07-18,Returned
132,363,632,2021-05-14,Returned
133,957,600,2023-08-27,Shipped
134,506,1580,2022-02-20,Processing
135,1576,1856,2023-01-04,Delivered
136,1962,1511,2024-04-09,Cancelled
137,1318,633,2022-07-29,Pending
138,1225,1773,2023-09-22,Shipped
139,532,1348,2024-11-06,Cancelled
140,1603,322,2022-12-15,Cancelled
141,23,1628,2024-09-19,Shipped
142,1732,791,2020-11-24,Cancelled
143,1151,783,2023-08-20,Returned
144,361,1896,2022-09-24,Pending
145,1013,690,2021-12-14,Delivered
146,1277,1358,2021-09-25,Shipped
147,1676,1282,2022-06-30,Returned
148,1644,1357,2022-12-20,Pending
149,439,1733,2020-05-21,Delivered
150,1499,1173,2020-05-05,Processing
151,895,1579,2023-09-12,Pending
152,36,323,2023-03-16,Processing
153,1815,1012,2024-06-18,Shipped
154,1556,165,2023-04-06,Returned
155,984,1598,2023-06-12,Returned
156,1007,629,2023-05-11,Delivered
157,873,404,2024-08-03,Shipped
158,1878,1438,2024-11-12,Pending
159,1269,1829,2021-07-13,Cancelled
160,889,1630,2023-05-13,Pending
161,1618,940,2022-03-02,Shipped
162,185,284,2021-11-25,Returned
163,545,1562,2021-10-03,Cancelled
164,673,828,2024-02-13,Returned
165,781,1639,2024-07-16,Pending
166,888,609,2020-07-08,Shipped
167,712,197,2022-12-13,Shipped
168,1311,590,2022-06-08,Returned
169,1176,437,2021-06-16,Returned
170,864,1744,2024-08-17,Pending
171,1965,171,2021-12-11,Shipped
172,1676,58,2023-09-29,Cancelled
173,1964,158,2023-09-06,Processing
174,1337,336,2023-09-04,Shipped
175,364,49,2023-02-03,Delivered
176,621,696,2023-01-25,Processing
177,1352,262,2020-03-20,Returned
178,1016,817,2020-06-25,Shipped
179,1841,1547,2023-02-20,Processing
180,1393,1584,2023-08-27,Pending
181,1096,1441,2024-12-08,Pending
182,786,1674,2024-05-09,Cancelled
183,645,1187,2024-07-29,Pending
184,731,1833,2021-11-25,Pending
185,677,247,2021-04-02,Pending
186,1695,760,2021-07-16,Processing
187,1190,424,2021-12-23,Returned
188,1884,1631,2020-03-22,Pending
189,1578,1033,2021-08-25,Pending
190,942,1677,2022-07-08,Processing
191,1444,700,2020-08-18,Delivered
192,1768,227,2022-12-07,Cancelled
193,1247,1469,2022-01-26,Cancelled
194,1192,895,2021-04-23,Cancelled
195,1170,909,2023-03-11,Delivered
196,1444,443,2021-12-06,Shipped
197,501,373,2020-07-04,Returned
198,1560,1805,2021-06-23,Shipped
199,1363,1465,2020-06-12,Delivered
200,602,436,2021-11-22,Cancelled
201,455,1480,2024-06-29,Processing
202,1974,625,2024-10-04,Returned
203,851,1236,2021-06-25,Cancelled
204,1549,618,2023-01-10,Delivered
205,973,919,2020-05-05,Shipped
206,428,1604,2020-04-22,Delivered
207,31,1128,2023-01-09,Cancelled
208,887,1611,2020-08-10,Processing
209,801,637,2022-09-12,Cancelled
210,1065,1697,2022-10-30,Cancelled
211,1262,285,2021-10-07,Returned
212,842,535,2020-01-18,Pending
213,1046,733,2023-08-07,Shipped
214,1317,410,2023-06-28,Pending
215,1056,1770,2020-06-25,Pending
216,833,49,2023-06-20,Returned
217,1280,403,2024-01-23,Pending
218,1584,435,2020-03-05,Pending
219,1358,1040,2021-03-19,Delivered
220,1608,1403,2024-04-24,Delivered
221,1585,985,2024-02-22,Delivered
222,1602,1359,2022-05-29,Cancelled
223,1901,1321,2021-09-16,Cancelled
224,1301,782,2020-01-27,Cancelled
225,699,885,2023-11-14,Returned
226,1298,989,2024-11-07,Cancelled
227,391,451,2024-01-27,Pending
228,751,1340,2023-05-12,Cancelled
229,296,652,2020-10-31,Cancelled
230,541,30,2024-11-08,Pending
231,1735,982,2021-12-16,Cancelled
232,661,448,2024-03-10,Pending
233,300,751,2021-06-16,Delivered
234,1357,645,2022-05-28,Returned
235,1182,494,2021-01-21,Shipped
236,459,167,2022-12-07,Delivered
237,90,1745,2021-11-05,Pending
238,1207,513,2022-10-24,Shipped
239,1387,1155,2020-09-03,Pending
240,1441,822,2020-08-08,Shipped
241,767,907,2020-10-30,Returned
242,1438,153,2022-06-09,Pending
243,25,853,2021-12-13,Cancelled
244,736,769,2021-08-14,Delivered
245,851,445,2023-03-27,Shipped
246,565,1256,2024-07-04,Shipped
247,642,1065,2024-01-10,Cancelled
248,1303,1985,2020-05-12,Delivered
249,1748,920,2022-12-09,Pending
250,1572,1987,2020-08-03,Cancelled
251,694,888,2024-05-24,Returned
252,1947,1855,2024-01-05,Pending
253,718,453,2021-12-09,Delivered
254,562,84,2023-06-14,Processing
255,1779,1468,2023-04-06,Delivered
256,301,1678,2024-01-24,Processing
257,1026,1390,2024-05-07,Shipped
258,1728,1823,2020-04-27,Delivered
259,1234,350,2021-01-16,Processing
260,623,787,2022-10-17,Pending
261,398,870,2022-01-10,Cancelled
262,1425,1888,2024-03-30,Pending
263,23,555,2022-03-26,Delivered
264,4,438,2022-10-03,Returned
265,494,1321,2023-03-10,Processing
266,117,1370,2024-04-11,Cancelled
267,924,516,2023-02-01,Delivered
268,1222,1522,2023-11-12,Shipped
269,808,1412,2024-07-18,Processing
270,1076,1655,2021-05-04,Delivered
271,598,491,2023-05-10,Cancelled
272,60,983,2023-02-25,Shipped
273,375,256,2021-10-29,Delivered
274,1236,416,2022-05-14,Shipped
275,647,1739,2022-07-15,Cancelled
276,208,466,2020-04-16,Shipped
277,499,934,2024-01-17,Returned
278,798,292,2020-11-05,Shipped
279,1363,1570,2021-10-06,Cancelled
280,1435,1182,2021-03-18,Delivered
281,1415,547,2020-06-25,Cancelled
282,1375,1552,2021-09-06,Delivered
283,417,1659,2020-01-19,Delivered
284,220,1067,2023-07-24,Returned
285,74,1172,2024-03-31,Processing
286,727,176,2023-03-25,Pending
287,657,258,2024-05-06,Returned
288,1298,1695,2020-04-05,Cancelled
289,1434,647,2024-08-01,Shipped
290,1123,892,2022-07-14,Pending
291,226,835,2023-12-22,Delivered
292,1107,187,2020-03-23,Cancelled
293,1698,1214,2021-03-05,Processing
294,1804,1465,2023-09-23,Returned
295,403,1678,2021-12-26,Cancelled
296,65,1574,2022-02-20,Delivered
297,1313,1419,2023-03-20,Delivered
298,1650,822,2023-04-30,Cancelled
299,1943,893,2024-03-10,Shipped
300,1629,526,2022-01-10,Processing
301,1489,1083,2021-07-16,Delivered
302,404,515,2021-03-05,Returned
303,1252,735,2021-05-30,Pending
304,1917,966,2023-01-01,Cancelled
305,80,1821,2022-02-24,Delivered
306,1575,1675,2023-07-19,Returned
307,1218,1802,2023-02-12,Shipped
308,833,650,2022-03-18,Delivered
309,145,237,2021-12-12,Processing
310,1575,543,2021-01-23,Pending
311,1384,973,2021-01-12,Cancelled
312,989,770,2024-05-21,Returned
313,66,1202,2021-12-11,Processing
314,275,1899,2024-06-09,Pending
315,1567,73,2022-02-13,Processing
316,1674,41,2020-06-02,Pending
317,684,408,2023-09-25,Shipped
318,938,1720,2024-04-21,Processing
319,1512,599,2021-12-12,Pending
320,1159,1374,2023-12-24,Cancelled
321,738,1981,2020-02-25,Returned
322,803,574,2023-03-07,Shipped
323,1932,212,2020-04-18,Pending
324,1774,81,2020-09-08,Cancelled
325,943,1805,2023-10-07,Cancelled
326,180,86,2022-02-05,Cancelled
327,531,1325,2023-12-09,Pending
328,1573,686,2022-10-28,Pending
329,1665,1688,2020-11-04,Delivered
330,345,105,2021-12-20,Processing
331,796,672,2023-11-22,Shipped
332,1680,868,2020-08-27,Shipped
333,1087,1654,2024-02-12,Processing
334,1391,1787,2022-01-28,Returned
335,700,237,2023-12-09,Processing
336,1191,1333,2020-03-24,Pending
337,1287,1972,2023-09-14,Shipped
338,687,144,2022-02-17,Pending
339,1486,1033,2021-05-18,Shipped
340,1524,1765,2024-07-27,Delivered
341,1910,1691,2022-01-21,Shipped
342,1209,447,2024-03-30,Processing
343,1272,804,2022-12-23,Shipped
344,46,2,2022-11-06,Returned
345,1143,1586,2021-02-11,Returned
346,978,891,2023-10-10,Processing
347,1585,1503,2024-04-24,Returned
348,1524,1966,2021-11-26,Delivered
349,1408,594,2020-03-29,Delivered
350,948,785,2020-06-01,Shipped
351,697,1419,2020-06-21,Processing
352,563,711,2021-05-24,Shipped
353,645,426,2023-05-05,Delivered
354,113,1278,2023-08-17,Cancelled
355,964,1529,2021-05-20,Shipped
356,1256,1487,2020-04-14,Shipped
357,1463,207,2022-01-15,Shipped
358,215,124,2021-06-19,Pending
359,729,231,2023-06-19,Returned
360,975,1697,2021-05-22,Shipped
361,1230,1227,2024-09-06,Cancelled
362,587,1915,2021-03-25,Returned
363,672,565,2021-11-24,Delivered
364,1540,465,2020-01-11,Returned
365,225,1223,2021-07-31,Shipped
366,1774,1764,2020-03-02,Delivered
367,867,1872,2023-09-03,Pending
368,1028,369,2021-04-18,Pending
369,180,183,2020-10-21,Delivered
370,26,952,2024-10-07,Pending
371,1824,879,2024-03-29,Shipped
372,562,163,2024-02-11,Shipped
373,534,611,2022-08-20,Pending
374,94,466,2020-10-12,Shipped
375,1170,354,2021-05-10,Processing
376,888,1122,2023-10-28,Returned
377,1621,1961,2021-08-06,Shipped
378,1689,51,2023-02-22,Delivered
379,1409,1186,2022-12-21,Returned
380,1917,678,2024-01-28,Returned
381,1252,1103,2020-04-28,Cancelled
382,1303,1049,2024-09-01,Returned
383,1079,837,2024-09-21,Processing
384,839,1010,2022-04-18,Pending
385,1836,1611,2022-08-04,Processing
386,369,311,2021-09-03,Returned
387,1766,1088,2022-02-12,Returned
388,72,1850,2022-01-22,Shipped
389,1,975,2024-10-21,Shipped
390,1708,75,2020-07-28,Processing
391,287,164,2023-12-12,Delivered
392,1164,1585,2020-07-11,Delivered
393,1670,1489,2021-03-28,Cancelled
394,1403,757,2022-03-18,Shipped
395,754,1723,2020-09-20,Shipped
396,126,387,2020-04-10,Processing
397,87,1996,2023-01-14,Delivered
398,140,1774,2021-09-29,Cancelled
399,695,1858,2021-05-04,Processing
400,947,619,2021-01-03,Returned
401,311,896,2022-06-12,Shipped
402,382,66,2021-08-27,Processing
403,1959,1633,2024-01-20,Returned
404,591,1698,2022-05-10,Processing
405,1222,814,2020-02-22,Delivered
406,1056,290,2020-02-15,Cancelled
407,1259,720,2024-06-13,Cancelled
408,1685,243,2024-01-22,Processing
409,1073,380,2021-05-05,Cancelled
410,124,1276,2020-02-13,Delivered
411,1561,137,2021-07-15,Cancelled
412,484,1938,2023-11-22,Shipped
413,615,792,2024-10-20,Delivered
414,326,582,2022-12-18,Cancelled
415,792,1758,2023-03-10,Returned
416,1942,1672,2024-06-10,Cancelled
417,1453,191,2021-03-04,Delivered
418,933,1448,2021-05-03,Returned
419,1305,573,2023-08-15,Pending
420,1812,773,2020-03-15,Processing
421,1108,2,2023-04-29,Returned
422,1684,1650,2023-12-25,Processing
423,980,915,2022-02-01,Returned
424,309,1951,2024-07-26,Processing
425,1768,187,2021-09-01,Cancelled
426,1323,807,2024-08-27,Pending
427,1023,316,2022-05-03,Pending
428,214,972,2020-09-15,Cancelled
429,214,383,2020-11-26,Shipped
430,1021,1911,2021-12-10,Cancelled
431,330,1734,2020-12-09,Returned
432,1191,872,2022-10-11,Delivered
433,1972,1511,2024-11-15,Shipped
434,298,1275,2024-04-04,Processing
435,1222,1036,2023-10-15,Returned
436,950,948,2023-08-21,Processing
437,1801,761,2021-10-01,Cancelled
438,292,694,2021-04-25,Cancelled
439,1085,1321,2021-03-27,Processing
440,161,1328,2021-12-13,Delivered
441,86,1536,2020-09-20,Pending
442,1130,1462,2021-02-03,Delivered
443,1652,492,2023-02-05,Cancelled
444,284,21,2020-07-22,Cancelled
445,142,1857,2024-06-08,Cancelled
446,1970,890,2023-02-13,Cancelled
447,225,856,2021-08-27,Delivered
448,1051,1431,2023-05-10,Pending
449,111,220,2021-12-07,Processing
450,165,209,2021-08-01,Processing
451,611,548,2024-02-13,Pending
452,471,666,2024-05-17,Returned
453,182,943,2024-05-24,Cancelled
454,1836,1326,2022-11-28,Shipped
455,957,192,2024-07-14,Delivered
456,954,1071,2024-01-29,Processing
457,1277,1331,2022-05-03,Processing
458,318,1520,2022-08-06,Shipped
459,940,495,2021-01-30,Delivered
460,146,554,2021-01-09,Shipped
461,1257,1434,2023-08-08,Shipped
462,699,1398,2020-03-28,Shipped
463,783,1060,2023-05-22,Delivered
464,1439,1249,2020-11-29,Pending
465,918,1343,2020-10-19,Delivered
466,318,57,2020-03-31,Processing
467,361,1823,2022-12-09,Processing
468,1800,576,2024-11-28,Delivered
469,1349,184,2020-11-17,Delivered
470,1748,354,2021-01-27,Pending
471,955,1647,2022-09-13,Shipped
472,1862,1337,2020-07-29,Shipped
473,1573,1338,2023-07-02,Pending
474,601,1721,2023-10-15,Returned
475,1271,762,2024-10-17,Processing
476,1282,983,2021-12-11,Delivered
477,1712,3,2024-06-22,Shipped
478,1640,1811,2020-12-05,Cancelled
479,1632,851,2022-05-04,Pending
480,344,1478,2024-10-27,Cancelled
481,660,877,2024-08-30,Delivered
482,105,1925,2024-01-29,Cancelled
483,1803,763,2022-10-17,Pending
484,1324,131,2021-03-29,Processing
485,1823,1778,2023-02-03,Returned
486,1044,1413,2022-07-18,Shipped
487,1272,1223,2022-07-28,Cancelled
488,1884,1048,2024-12-02,Pending
489,1609,199,2020-09-18,Shipped
490,1601,676,2020-01-22,Returned
491,488,812,2020-06-06,Pending
492,1966,1927,2021-11-28,Delivered
493,593,264,2022-07-02,Pending
494,1362,1330,2022-11-25,Processing
495,78,437,2020-04-13,Delivered
496,976,1524,2021-11-19,Cancelled
497,1450,580,2021-03-12,Cancelled
498,174,189,2021-10-05,Cancelled
499,144,1072,2023-04-19,Processing
500,1358,1572,2024-07-05,Shipped
501,990,1950,2020-11-01,Returned
502,1442,1017,2021-01-14,Shipped
503,1654,782,2021-11-25,Returned
504,364,476,2022-01-19,Cancelled
505,1074,1756,2020-04-04,Cancelled
506,1418,1730,2021-03-13,Cancelled
507,487,243,2023-11-18,Cancelled
508,1296,1943,2021-04-12,Delivered
509,14,1665,2022-05-03,Returned
510,319,1893,2020-05-26,Returned
511,796,284,2024-07-11,Delivered
512,798,379,2020-06-27,Processing
513,1331,145,2020-10-29,Pending
514,950,1292,2021-12-06,Shipped
515,1616,8,2023-03-18,Delivered
516,1452,623,2024-03-02,Returned
517,1718,442,2021-07-05,Returned
518,1684,1833,2023-08-29,Delivered
519,576,454,2020-01-04,Shipped
520,2,1418,2023-11-08,Shipped
521,949,1296,2024-11-17,Delivered
522,751,1605,2021-09-22,Shipped
523,546,1394,2020-02-04,Returned
524,1369,959,2023-12-06,Shipped
525,1343,1809,2024-07-23,Pending
526,1619,659,2024-04-26,Processing
527,1989,1657,2023-11-02,Cancelled
528,460,1734,2022-04-22,Pending
529,1317,1332,2023-11-19,Delivered
530,1510,1117,2023-08-26,Pending
531,528,1638,2022-05-22,Shipped
532,1710,1854,2023-04-19,Cancelled
533,1485,1383,2020-08-13,Processing
534,690,868,2023-06-26,Delivered
535,670,208,2022-02-17,Cancelled
536,625,1971,2023-03-11,Delivered
537,1161,598,2024-10-06,Processing
538,410,1369,2022-06-12,Pending
539,69,1671,2020-01-08,Pending
540,1054,99,2021-03-14,Delivered
541,1506,1985,2023-02-10,Cancelled
542,808,622,2023-02-23,Processing
543,674,1445,2021-08-03,Shipped
544,1631,432,2020-05-07,Processing
545,1969,104,2021-06-13,Cancelled
546,1680,1528,2023-10-26,Pending
547,1146,731,2022-09-01,Processing
548,1505,1532,2020-06-21,Delivered
549,772,1602,2024-05-17,Processing
550,225,1168,2021-10-04,Cancelled
551,469,1068,2022-02-14,Shipped
552,197,1136,2022-11-28,Delivered
553,174,359,2022-02-20,Pending
554,465,469,2022-09-27,Returned
555,1393,767,2022-10-19,Shipped
556,1709,1242,2022-02-04,Returned
557,746,947,2023-05-26,Shipped
558,940,314,2021-12-04,Returned
559,1983,470,2024-08-06,Returned
560,1322,726,2024-11-30,Processing
561,1607,752,2023-09-02,Cancelled
562,1445,1623,2021-04-15,Shipped
563,1711,1685,2024-11-12,Pending
564,1449,628,2024-11-08,Delivered
565,594,1018,2023-05-04,Cancelled
566,1130,1047,2022-09-13,Delivered
567,1408,1788,2023-06-12,Pending
568,175,25,2024-12-03,Cancelled
569,311,1008,2023-07-06,Returned
570,1162,1768,2020-10-20,Returned
571,841,1916,2024-06-27,Pending
572,497,1682,2023-04-05,Processing
573,1262,6,2023-04-12,Pending
574,68,462,2020-05-25,Returned
575,34,346,2022-12-21,Processing
576,1165,49,2024-06-21,Cancelled
577,632,1960,2020-09-22,Pending
578,808,1223,2021-07-26,Processing
579,1734,1153,2023-07-25,Returned
580,96,582,2024-03-19,Cancelled
581,1895,444,2021-03-17,Cancelled
582,103,1314,2020-05-14,Processing
583,1590,460,2021-11-11,Delivered
584,681,1333,2021-05-28,Delivered
585,1121,1947,2022-11-09,Cancelled
586,119,1488,2024-09-28,Pending
587,1896,1244,2022-03-27,Pending
588,1275,1263,2020-08-18,Cancelled
589,207,767,2024-12-04,Delivered
590,69,1379,2021-05-15,Processing
591,1289,1622,2020-08-19,Cancelled
592,1506,901,2022-02-12,Pending
593,1811,637,2020-06-19,Cancelled
594,1253,926,2022-12-08,Processing
595,1903,611,2022-01-18,Processing
596,1965,747,2021-03-10,Processing
597,326,1731,2024-12-30,Delivered
598,1412,770,2022-02-20,Delivered
599,1853,1449,2023-01-22,Cancelled
600,477,650,2022-02-23,Pending
601,1549,449,2021-06-19,Delivered
602,947,1907,2022-01-22,Shipped
603,390,1071,2023-07-03,Returned
604,1258,672,2021-08-18,Pending
605,226,246,2021-02-13,Delivered
606,1874,1190,2020-06-12,Shipped
607,130,509,2022-03-18,Shipped
608,648,187,2020-09-15,Shipped
609,405,1069,2022-10-02,Processing
610,1029,559,2021-04-03,Pending
611,193,1501,2024-04-05,Pending
612,1891,1373,2020-04-22,Processing
613,1526,1710,2021-12-16,Processing
614,588,136,2021-10-02,Pending
615,406,336,2020-10-21,Delivered
616,1209,1408,2021-01-15,Pending
617,633,1982,2024-11-21,Processing
618,73,1212,2020-06-22,Cancelled
619,1884,1330,2024-03-29,Delivered
620,363,595,2024-01-16,Processing
621,489,255,2024-10-02,Returned
622,695,548,2022-01-16,Delivered
623,924,1411,2020-01-27,Pending
624,425,1792,2020-05-14,Returned
625,362,1814,2022-05-12,Processing
626,283,1631,2024-12-31,Processing
627,1149,1726,2024-08-23,Delivered
628,1309,336,2023-03-23,Pending
629,131,11,2021-11-04,Shipped
630,1580,1150,2024-04-13,Processing
631,783,870,2022-02-20,Cancelled
632,1556,1656,2022-04-01,Cancelled
633,780,477,2022-05-17,Shipped
634,463,1683,2024-02-10,Processing
635,906,1693,2023-06-29,Pending
636,306,1306,2022-07-10,Delivered
637,1065,1468,2022-03-04,Delivered
638,392,803,2023-04-06,Pending
639,984,563,2024-07-12,Shipped
640,599,1030,2023-11-01,Shipped
641,980,479,2023-06-23,Cancelled
642,1796,333,2021-01-29,Pending
643,5,340,2021-01-18,Shipped
644,183,102,2020-10-15,Pending
645,308,983,2022-10-20,Shipped
646,201,976,2021-01-28,Delivered
647,26,62,2024-02-06,Shipped
648,1706,734,2022-12-19,Returned
649,804,185,2020-11-25,Delivered
650,822,1926,2023-06-13,Shipped
651,279,470,2021-08-23,Returned
652,860,1187,2023-01-28,Delivered
653,844,1715,2023-04-09,Cancelled
654,655,813,2024-05-09,Cancelled
655,1087,434,2022-10-31,Delivered
656,368,1042,2024-01-28,Processing
657,209,1625,2023-02-03,Returned
658,384,841,2023-01-24,Processing
659,440,1076,2023-08-14,Delivered
660,1323,260,2021-09-10,Cancelled
661,791,1009,2023-07-06,Processing
662,1244,888,2024-08-08,Delivered
663,1080,634,2023-08-29,Pending
664,225,1302,2023-03-23,Shipped
665,1393,1274,2023-02-06,Returned
666,419,1375,2022-09-18,Processing
667,1314,1811,2022-03-18,Delivered
668,551,1505,2020-12-06,Cancelled
669,260,329,2021-08-10,Delivered
670,639,808,2024-06-27,Processing
671,1166,157,2022-08-27,Shipped
672,1532,1141,2020-01-13,Returned
673,775,421,2020-11-23,Processing
674,1057,1969,2022-10-03,Returned
675,1311,1224,2021-11-09,Returned
676,229,889,2023-07-30,Shipped
677,1551,769,2020-04-13,Pending
678,1210,59,2020-12-03,Processing
679,1196,1070,2024-02-10,Shipped
680,639,168,2020-06-25,Returned
681,1738,862,2020-05-29,Shipped
682,884,221,2024-11-23,Shipped
683,241,155,2021-11-08,Processing
684,655,1405,2022-02-15,Delivered
685,1646,1727,2024-01-04,Cancelled
686,1993,1022,2022-09-09,Processing
687,1091,801,2021-03-08,Processing
688,729,1134,2021-11-04,Returned
689,796,1413,2020-08-21,Cancelled
690,810,1169,2020-01-17,Processing
691,162,513,2022-12-26,Pending
692,341,922,2024-06-27,Returned
693,1882,1506,2024-09-20,Delivered
694,1750,1175,2021-10-01,Returned
695,387,1487,2021-06-04,Returned
696,1848,5,2023-10-08,Cancelled
697,1805,430,2024-06-11,Returned
698,267,940,2022-06-30,Returned
699,730,1880,2023-01-15,Returned
700,689,627,2021-10-04,Processing
701,1382,1066,2024-11-29,Pending
702,896,336,2022-01-11,Shipped
703,906,659,2021-05-28,Delivered
704,1995,162,2023-08-12,Returned
705,859,1709,2023-06-22,Delivered
706,1448,1184,2021-01-31,Delivered
707,305,1978,2022-06-20,Pending
708,780,155,2020-03-07,Processing
709,424,1696,2021-09-15,Cancelled
710,41,1688,2024-12-24,Delivered
711,313,1924,2022-04-20,Processing
712,1507,281,2023-11-14,Delivered
713,1124,1370,2021-08-25,Returned
714,1393,776,2022-07-09,Delivered
715,717,111,2021-01-06,Shipped
716,1809,1106,2022-02-14,Returned
717,81,1932,2021-10-27,Processing
718,1478,620,2024-07-05,Pending
719,1999,1536,2023-11-16,Returned
720,999,336,2020-10-29,Cancelled
721,1186,1688,2021-09-12,Returned
722,9,673,2022-01-12,Processing
723,430,436,2024-03-28,Cancelled
724,1574,690,2021-12-06,Returned
725,365,1481,2024-11-23,Returned
726,312,1364,2023-09-18,Returned
727,1596,1852,2024-12-06,Shipped
728,894,433,2020-10-08,Processing
729,1465,58,2022-05-09,Pending
730,351,1305,2021-04-22,Processing
731,1014,1683,2023-07-21,Pending
732,1225,1074,2020-02-01,Cancelled
733,682,318,2023-08-24,Delivered
734,987,9,2021-01-17,Delivered
735,445,716,2023-07-01,Processing
736,728,366,2021-09-15,Delivered
737,29,1563,2020-05-26,Pending
738,1351,1668,2021-02-25,Delivered
739,1219,141,2021-03-18,Cancelled
740,1946,1694,2022-01-06,Delivered
741,490,1810,2024-11-26,Returned
742,1905,458,2020-05-15,Cancelled
743,1756,978,2024-01-24,Delivered
744,234,1301,2024-04-05,Processing
745,509,1467,2023-02-10,Pending
746,1421,1092,2023-02-08,Returned
747,1517,195,2024-06-04,Delivered
748,407,1906,2024-01-29,Cancelled
749,1899,1853,2020-07-17,Shipped
750,1772,1380,2020-02-17,Pending
751,620,439,2024-03-27,Cancelled
752,532,1370,2024-01-02,Returned
753,589,760,2023-03-15,Returned
754,1055,1668,2022-09-12,Cancelled
755,1636,631,2023-10-22,Returned
756,375,1582,2023-09-06,Returned
757,1362,1607,2021-01-30,Cancelled
758,437,512,2022-03-06,Pending
759,919,1806,2022-10-11,Delivered
760,765,1268,2021-01-03,Delivered
761,276,1796,2022-12-09,Returned
762,658,606,2023-07-23,Pending
763,985,1891,2022-03-29,Pending
764,1130,653,2021-04-09,Cancelled
765,330,1686,2020-01-13,Returned
766,668,105,2022-12-21,Returned
767,228,563,2021-12-29,Pending
768,595,519,2020-04-05,Cancelled
769,116,1252,2023-09-21,Delivered
770,1436,1295,2020-07-26,Processing
771,1049,1422,2021-11-16,Shipped
772,437,467,2024-07-07,Returned
773,1766,868,2022-02-07,Returned
774,1021,1550,2020-11-04,Returned
775,1921,1392,2023-03-07,Delivered
776,1976,182,2020-09-07,Shipped
777,1762,75,2022-01-16,Pending
778,675,712,2022-03-12,Returned
779,1126,102,2023-03-08,Shipped
780,1547,267,2020-09-23,Delivered
781,1825,1186,2023-04-10,Delivered
782,1250,1203,2024-03-01,Returned
783,747,490,2024-06-15,Pending
784,703,26,2022-10-10,Shipped
785,803,1359,2023-02-28,Returned
786,1806,792,2020-10-25,Pending
787,78,673,2024-10-04,Pending
788,1108,1848,2021-05-21,Cancelled
789,1926,1062,2023-01-15,Processing
790,959,867,2024-03-16,Delivered
791,1528,1693,2020-11-12,Delivered
792,1040,1543,2020-03-01,Delivered
793,953,1670,2022-08-28,Processing
794,802,592,2023-02-25,Processing
795,36,1003,2020-10-15,Cancelled
796,104,486,2020-10-28,Returned
797,176,1713,2020-07-15,Cancelled
798,648,667,2023-12-31,Shipped
799,1697,802,2021-10-09,Shipped
800,1895,414,2023-06-15,Returned
801,277,167,2023-08-04,Delivered
802,793,57,2023-03-03,Cancelled
803,144,1822,2023-12-13,Returned
804,1129,1414,2023-05-06,Returned
805,1860,1377,2020-10-25,Cancelled
806,95,1220,2023-05-27,Cancelled
807,1762,1103,2021-05-16,Shipped
808,625,1109,2023-02-19,Delivered
809,37,1605,2020-10-29,Shipped
810,567,1663,2021-04-07,Pending
811,869,830,2020-07-10,Returned
812,332,1859,2021-03-01,Returned
813,1623,195,2022-11-20,Pending
814,320,380,2020-02-09,Shipped
815,1406,1324,2020-01-14,Processing
816,1095,1456,2022-05-19,Processing
817,1224,583,2023-02-20,Pending
818,1755,1644,2021-11-21,Returned
819,1859,1729,2024-02-12,Pending
820,1842,1849,2023-05-04,Pending
821,986,1595,2022-01-24,Pending
822,811,1318,2021-01-03,Shipped
823,995,1465,2020-02-16,Shipped
824,1049,1059,2020-04-15,Shipped
825,855,646,2022-08-21,Shipped
826,1546,1628,2024-10-24,Cancelled
827,1612,1496,2023-08-14,Cancelled
828,1289,640,2024-08-21,Cancelled
829,1301,1831,2022-09-25,Delivered
830,1696,669,2022-06-24,Cancelled
831,1779,1454,2023-03-22,Cancelled
832,1352,436,2023-08-22,Returned
833,421,567,2021-06-14,Returned
834,1504,1625,2021-03-15,Delivered
835,700,1658,2024-01-05,Shipped
836,1442,626,2022-07-05,Delivered
837,568,110,2022-03-26,Processing
838,1050,101,2020-11-22,Cancelled
839,895,1023,2020-04-14,Cancelled
840,237,1052,2023-01-16,Cancelled
841,1629,407,2023-11-16,Processing
842,1810,1664,2024-11-09,Processing
843,953,344,2024-10-22,Cancelled
844,971,272,2022-09-12,Delivered
845,1139,1500,2021-11-05,Pending
846,1927,156,2023-12-23,Shipped
847,1445,16,2020-01-31,Processing
848,1469,1647,2023-07-31,Delivered
849,1745,108,2021-05-11,Shipped
850,1875,1229,2021-09-19,Returned
851,1089,529,2022-07-16,Delivered
852,499,435,2020-08-14,Returned
853,1363,990,2023-12-27,Pending
854,36,1301,2024-08-04,Pending
855,294,876,2021-05-01,Returned
856,220,715,2020-09-08,Returned
857,975,664,2021-08-10,Cancelled
858,1139,654,2022-05-10,Shipped
859,1466,1089,2022-02-26,Processing
860,649,1220,2021-06-04,Processing
861,1011,223,2022-12-18,Cancelled
862,1032,330,2020-08-13,Cancelled
863,1304,708,2024-08-29,Processing
864,1834,1834,2021-02-07,Shipped
865,964,1449,2022-12-14,Shipped
866,1956,1131,2022-10-25,Returned
867,412,272,2023-11-28,Shipped
868,399,5,2024-09-29,Shipped
869,1392,1178,2023-11-21,Pending
870,350,1347,2022-02-07,Returned
871,272,1933,2021-09-04,Processing
872,384,1054,2022-05-24,Cancelled
873,566,1527,2021-12-19,Processing
874,689,1868,2021-02-23,Cancelled
875,1871,166,2024-12-13,Shipped
876,481,1599,2023-11-06,Shipped
877,88,123,2024-06-17,Returned
878,1720,1304,2022-08-06,Returned
879,1313,48,2023-12-28,Processing
880,1158,69,2020-11-25,Delivered
881,1777,1262,2021-06-20,Pending
882,1251,1732,2023-07-13,Shipped
883,1138,1914,2021-05-23,Returned
884,1964,109,2022-11-12,Cancelled
885,1249,1239,2020-10-14,Shipped
886,258,1391,2021-07-11,Returned
887,1300,1672,2020-09-18,Delivered
888,1927,478,2022-11-12,Cancelled
889,413,837,2021-06-19,Delivered
890,1604,1483,2022-08-21,Cancelled
891,1053,1734,2023-07-12,Cancelled
892,1442,377,2020-12-02,Shipped
893,530,619,2022-11-11,Cancelled
894,1830,900,2020-04-25,Returned
895,599,247,2024-02-11,Returned
896,1800,1068,2020-04-17,Pending
897,433,1990,2023-10-31,Cancelled
898,1170,1780,2023-02-04,Shipped
899,85,1086,2023-10-10,Pending
900,1210,1733,2023-09-30,Pending
901,823,1864,2022-09-25,Pending
902,40,1658,2020-01-13,Pending
903,553,386,2021-03-17,Returned
904,832,1324,2022-11-01,Returned
905,943,1085,2020-04-07,Cancelled
906,956,608,2024-04-23,Cancelled
907,1760,1586,2024-01-07,Pending
908,647,624,2020-11-03,Delivered
909,161,335,2024-03-31,Shipped
910,388,862,2024-02-03,Pending
911,560,462,2021-07-05,Shipped
912,1148,1894,2021-10-22,Cancelled
913,772,1944,2023-12-09,Processing
914,1390,1206,2021-12-21,Returned
915,515,409,2024-04-18,Processing
916,91,502,2020-04-16,Cancelled
917,1186,294,2024-02-14,Pending
918,645,807,2020-07-07,Shipped
919,1077,92,2020-12-20,Shipped
920,313,1632,2024-04-23,Pending
921,1248,266,2022-07-10,Returned
922,1601,734,2021-05-13,Returned
923,359,164,2020-06-16,Pending
924,348,1115,2021-03-31,Pending
925,27,57,2023-02-01,Delivered
926,1161,932,2021-03-24,Processing
927,1394,574,2024-02-29,Returned
928,668,330,2024-04-17,Cancelled
929,1128,450,2022-02-03,Processing
930,415,115,2023-08-23,Delivered
931,248,1893,2022-04-10,Processing
932,507,1095,2021-08-31,Cancelled
933,1690,308,2022-05-10,Pending
934,327,705,2024-03-26,Returned
935,785,1729,2020-02-18,Delivered
936,1885,801,2023-11-14,Returned
937,1498,1219,2022-01-16,Cancelled
938,653,10,2020-09-08,Returned
939,183,1982,2020-06-20,Processing
940,1410,1945,2024-10-07,Cancelled
941,1697,1041,2020-02-26,Shipped
942,992,1254,2024-07-09,Cancelled
943,1881,216,2023-10-20,Cancelled
944,230,1125,2021-07-30,Pending
945,1531,1057,2022-04-25,Cancelled
946,1596,1922,2023-12-07,Cancelled
947,735,1372,2021-11-05,Shipped
948,1936,1206,2021-01-18,Returned
949,411,820,2022-03-21,Returned
950,1319,721,2024-02-12,Returned
951,1252,1875,2024-02-27,Pending
952,1647,1195,2024-02-26,Delivered
953,250,459,2024-09-19,Delivered
954,986,204,2023-12-15,Delivered
955,1421,1141,2024-04-06,Delivered
956,516,1197,2020-10-10,Shipped
957,1175,167,2022-12-12,Pending
958,565,490,2024-05-05,Cancelled
959,708,1699,2020-01-13,Delivered
960,1509,832,2020-04-04,Processing
961,361,1586,2024-03-23,Pending
962,1427,496,2022-07-24,Cancelled
963,103,776,2022-04-09,Pending
964,1000,1618,2020-04-02,Processing
965,956,1082,2020-08-21,Pending
966,1385,613,2024-02-15,Pending
967,1816,533,2020-08-23,Pending
968,1372,414,2023-06-26,Shipped
969,123,1134,2020-11-24,Pending
970,939,264,2021-08-30,Shipped
971,402,1860,2020-03-08,Pending
972,1836,231,2023-09-22,Delivered
973,1763,1386,2024-01-19,Processing
974,1164,880,2022-07-29,Shipped
975,1451,1606,2024-03-28,Pending
976,595,294,2020-12-27,Shipped
977,1001,1850,2020-09-10,Delivered
978,1141,1703,2022-12-01,Cancelled
979,1037,460,2024-04-13,Pending
980,2000,1897,2023-06-08,Delivered
981,295,1729,2021-04-09,Pending
982,103,909,2022-02-15,Processing
983,1130,1655,2020-10-20,Processing
984,658,1046,2023-03-30,Shipped
985,934,949,2021-09-15,Cancelled
986,844,377,2023-08-03,Delivered
987,703,1475,2024-01-15,Returned
988,1991,57,2023-01-08,Cancelled
989,1761,1448,2020-02-06,Pending
990,1276,1763,2023-04-25,Delivered
991,220,490,2022-10-11,Shipped
992,814,654,2020-06-08,Cancelled
993,315,1845,2023-10-04,Cancelled
994,1800,1172,2022-08-13,Pending
995,537,1004,2023-07-26,Processing
996,129,616,2022-05-11,Cancelled
997,936,876,2024-08-16,Delivered
998,557,997,2023-05-29,Pending
999,805,1174,2020-03-19,Processing
1000,247,1274,2024-05-01,Processing
1001,1215,646,2023-04-13,Processing
1002,845,199,2020-03-15,Shipped
1003,1145,1236,2023-01-31,Returned
1004,1468,1312,2024-08-25,Returned
1005,888,1118,2021-04-19,Cancelled
1006,1027,1617,2023-09-24,Shipped
1007,1377,354,2023-03-30,Pending
1008,317,624,2022-08-06,Delivered
1009,1493,1130,2020-02-10,Delivered
1010,1500,1399,2020-02-09,Cancelled
1011,1949,468,2023-12-23,Processing
1012,782,1932,2021-09-26,Processing
1013,11,438,2024-03-14,Returned
1014,240,207,2022-06-30,Processing
1015,1929,360,2020-09-28,Shipped
1016,1891,1685,2023-10-27,Returned
1017,394,165,2023-01-23,Shipped
1018,1455,1176,2023-10-16,Processing
1019,1497,405,2024-02-01,Cancelled
1020,650,1431,2024-06-06,Delivered
1021,627,521,2022-01-08,Shipped
1022,64,1129,2022-09-16,Pending
1023,1493,580,2023-01-03,Cancelled
1024,1550,1838,2023-01-19,Cancelled
1025,297,274,2022-01-24,Cancelled
1026,545,1806,2023-01-01,Delivered
1027,535,1815,2022-08-23,Returned
1028,801,571,2024-12-05,Shipped
1029,1300,600,2023-02-25,Shipped
1030,408,1035,2020-10-14,Pending
1031,268,899,2024-02-25,Delivered
1032,431,753,2022-06-23,Delivered
1033,550,299,2022-03-28,Processing
1034,510,1900,2024-05-31,Shipped
1035,1510,176,2020-03-13,Returned
1036,1887,227,2021-12-04,Returned
1037,1502,1064,2024-02-12,Processing
1038,727,979,2024-09-20,Processing
1039,1651,1934,2021-10-07,Delivered
1040,771,1496,2024-09-09,Cancelled
1041,1417,81,2021-10-02,Processing
1042,1923,799,2020-08-18,Processing
1043,1767,1755,2023-10-20,Pending
1044,242,1020,2022-12-29,Delivered
1045,208,1921,2021-06-30,Processing
1046,637,728,2023-06-28,Pending
1047,607,555,2022-05-09,Cancelled
1048,71,216,2020-07-05,Returned
1049,980,117,2020-01-24,Processing
1050,39,1845,2020-02-14,Delivered
1051,766,1388,2024-03-07,Pending
1052,1042,639,2021-02-21,Delivered
1053,62,1712,2022-02-24,Pending
1054,1051,1691,2020-05-19,Shipped
1055,1154,152,2024-09-24,Pending
1056,922,1965,2024-11-25,Returned
1057,86,1569,2021-01-23,Processing
1058,243,1341,2023-06-17,Processing
1059,851,1064,2022-01-10,Shipped
1060,1798,1029,2021-08-07,Shipped
1061,1414,1310,2022-12-16,Pending
1062,364,834,2023-12-28,Delivered
1063,13,1163,2021-05-15,Returned
1064,1518,1580,2021-05-10,Cancelled
1065,1215,454,2024-09-03,Processing
1066,1053,160,2020-02-25,Pending
1067,449,1004,2020-02-28,Cancelled
1068,1872,884,2020-07-29,Shipped
1069,1680,1747,2020-04-07,Cancelled
1070,1410,392,2020-11-12,Pending
1071,1807,1625,2022-02-19,Returned
1072,365,675,2020-03-13,Cancelled
1073,777,92,2020-08-07,Processing
1074,117,646,2022-05-19,Processing
1075,1384,1396,2022-08-16,Shipped
1076,1519,1567,2022-11-14,Cancelled
1077,291,2000,2022-11-23,Cancelled
1078,497,1422,2023-12-24,Delivered
1079,667,21,2020-12-13,Shipped
1080,60,1453,2023-05-12,Cancelled
1081,524,15,2023-10-01,Returned
1082,1201,1262,2020-02-19,Pending
1083,1308,41,2022-05-15,Shipped
1084,442,930,2022-12-23,Pending
1085,636,1754,2023-10-16,Processing
1086,264,1077,2021-08-17,Cancelled
1087,1127,1666,2023-04-17,Cancelled
1088,1905,1390,2022-04-30,Returned
1089,1701,695,2022-12-07,Cancelled
1090,334,1994,2023-09-27,Pending
1091,1904,743,2022-09-02,Pending
1092,1232,540,2023-06-10,Pending
1093,798,1648,2023-02-06,Processing
1094,972,402,2021-03-29,Shipped
1095,1498,1877,2021-09-02,Pending
1096,1150,1752,2020-04-05,Delivered
1097,1967,350,2023-03-24,Returned
1098,642,570,2023-07-20,Returned
1099,1639,1975,2020-03-01,Cancelled
1100,737,1829,2020-07-14,Pending
1101,1082,1365,2022-09-02,Cancelled
1102,174,1098,2021-02-15,Cancelled
1103,378,515,2021-07-21,Delivered
1104,272,1083,2023-10-03,Delivered
1105,1870,6,2024-04-14,Shipped
1106,420,709,2022-09-16,Pending
1107,1366,1120,2021-06-26,Cancelled
1108,1312,1223,2020-03-23,Delivered
1109,873,325,2022-04-09,Delivered
1110,1518,1477,2023-04-15,Returned
1111,1890,1047,2023-07-28,Delivered
1112,412,222,2024-07-18,Pending
1113,1628,1505,2021-03-17,Cancelled
1114,1128,1940,2020-11-27,Returned
1115,1505,649,2024-04-28,Delivered
1116,1891,1770,2021-06-22,Processing
1117,399,29,2023-01-26,Delivered
1118,1678,1734,2020-08-03,Cancelled
1119,696,203,2023-12-12,Pending
1120,948,1718,2022-12-28,Pending
1121,323,1723,2020-03-27,Shipped
1122,264,281,2020-12-01,Delivered
1123,1514,17,2024-06-01,Delivered
1124,511,504,2022-07-12,Delivered
1125,1492,60,2024-10-23,Delivered
1126,1250,1937,2023-06-03,Returned
1127,752,35,2024-10-13,Returned
1128,1191,164,2020-02-17,Cancelled
1129,1008,1726,2020-12-06,Pending
1130,1768,1000,2021-02-04,Processing
1131,1512,833,2021-03-21,Pending
1132,1688,1534,2020-04-14,Delivered
1133,1375,949,2021-08-11,Processing
1134,1869,1299,2020-09-07,Cancelled
1135,1896,1281,2021-09-05,Processing
1136,1906,1732,2022-06-24,Processing
1137,1270,1228,2023-08-29,Returned
1138,302,471,2023-12-08,Pending
1139,383,703,2020-11-07,Pending
1140,1272,1526,2022-06-23,Shipped
1141,435,643,2021-08-02,Delivered
1142,364,975,2020-10-28,Cancelled
1143,759,926,2024-11-23,Delivered
1144,718,1902,2022-12-19,Processing
1145,1213,332,2021-09-10,Shipped
1146,555,869,2020-12-11,Cancelled
1147,742,973,2022-02-24,Cancelled
1148,702,652,2022-09-21,Delivered
1149,1550,925,2021-04-29,Shipped
1150,1175,830,2022-06-09,Processing
1151,1312,609,2024-07-10,Processing
1152,955,18,2021-04-27,Cancelled
1153,189,1897,2021-09-04,Cancelled
1154,1572,271,2022-03-14,Cancelled
1155,1118,680,2022-01-18,Delivered
1156,289,217,2023-10-12,Cancelled
1157,992,291,2023-05-09,Delivered
1158,416,1493,2020-09-02,Pending
1159,1387,1699,2024-09-20,Shipped
1160,1269,827,2024-12-26,Shipped
1161,1149,1531,2022-06-18,Processing
1162,1780,1525,2024-04-02,Cancelled
1163,321,1745,2022-03-03,Delivered
1164,726,1755,2020-10-21,Shipped
1165,305,810,2022-12-19,Returned
1166,1674,1495,2020-03-19,Delivered
1167,1930,1761,2024-01-21,Pending
1168,1231,1422,2020-08-19,Delivered
1169,559,755,2023-03-30,Pending
1170,1876,1182,2020-07-02,Processing
1171,425,572,2021-01-14,Returned
1172,226,1082,2020-04-17,Shipped
1173,317,1416,2023-05-06,Returned
1174,410,488,2022-10-03,Processing
1175,755,856,2022-01-16,Cancelled
1176,1291,496,2023-04-12,Processing
1177,1072,356,2023-04-04,Shipped
1178,183,1087,2023-01-07,Cancelled
1179,1918,920,2022-08-24,Pending
1180,1718,849,2023-07-15,Returned
1181,177,1549,2020-02-17,Shipped
1182,1039,569,2021-11-22,Shipped
1183,907,497,2020-08-10,Shipped
1184,1861,210,2024-08-18,Pending
1185,157,1071,2021-06-28,Shipped
1186,868,881,2022-09-11,Delivered
1187,1047,1544,2023-03-06,Cancelled
1188,1573,1131,2023-05-25,Delivered
1189,352,1206,2020-11-07,Processing
1190,1187,1063,2024-02-18,Processing
1191,135,1076,2020-07-01,Delivered
1192,199,1009,2023-08-19,Returned
1193,22,1031,2023-04-21,Delivered
1194,1084,1983,2023-11-30,Pending
1195,141,227,2020-08-16,Cancelled
1196,1564,1272,2023-02-11,Delivered
1197,383,502,2022-01-31,Pending
1198,96,391,2023-03-08,Delivered
1199,687,1057,2020-10-28,Shipped
1200,402,1229,2023-09-15,Processing
1201,355,306,2023-04-03,Cancelled
1202,1690,1956,2024-08-28,Cancelled
1203,26,1315,2024-07-10,Shipped
1204,1804,320,2023-08-18,Processing
1205,403,284,2020-06-08,Delivered
1206,1698,1917,2022-09-26,Returned
1207,1244,439,2022-11-19,Processing
1208,1495,1445,2024-04-21,Returned
1209,1005,1863,2021-08-30,Pending
1210,1389,1642,2021-11-28,Cancelled
1211,21,110,2020-08-20,Returned
1212,818,1522,2020-03-10,Shipped
1213,1232,1121,2020-01-28,Pending
1214,1373,1384,2022-07-11,Processing
1215,1664,1350,2021-11-21,Shipped
1216,1463,676,2020-01-08,Processing
1217,1044,1578,2023-04-11,Pending
1218,1137,1468,2020-02-12,Shipped
1219,1084,256,2023-11-12,Processing
1220,322,194,2020-10-25,Returned
1221,1755,264,2023-01-11,Shipped
1222,1710,615,2023-03-24,Shipped
1223,896,1989,2024-09-14,Shipped
1224,1115,786,2021-12-18,Shipped
1225,430,671,2021-05-30,Returned
1226,1502,974,2024-02-15,Returned
1227,538,1265,2022-11-11,Pending
1228,203,203,2023-10-21,Shipped
1229,985,1236,2024-02-03,Returned
1230,1252,1632,2022-01-07,Returned
1231,1686,695,2021-02-14,Returned
1232,1458,400,2020-09-07,Returned
1233,1632,83,2023-02-06,Shipped
1234,1117,1590,2024-05-24,Pending
1235,1897,219,2022-11-02,Pending
1236,314,1830,2022-01-29,Processing
1237,573,1989,2020-07-07,Returned
1238,1754,1668,2021-03-14,Returned
1239,1936,942,2021-05-24,Processing
1240,370,1069,2020-04-24,Shipped
1241,252,731,2020-06-14,Cancelled
1242,65,57,2023-08-13,Returned
1243,96,840,2024-01-05,Returned
1244,308,1894,2023-03-21,Returned
1245,916,986,2021-10-16,Shipped
1246,253,301,2020-08-08,Cancelled
1247,569,528,2020-07-27,Shipped
1248,1866,181,2022-11-25,Returned
1249,768,1080,2021-04-04,Cancelled
1250,1330,402,2023-12-26,Pending
1251,1489,547,2024-02-07,Delivered
1252,191,773,2022-07-31,Cancelled
1253,1097,859,2020-06-05,Shipped
1254,1269,122,2024-08-13,Delivered
1255,1627,111,2022-01-25,Returned
1256,1055,122,2024-11-24,Processing
1257,528,726,2020-02-12,Cancelled
1258,1791,406,2023-03-09,Processing
1259,351,661,2024-04-08,Delivered
1260,1478,509,2022-07-19,Returned
1261,841,1557,2023-10-22,Pending
1262,373,594,2020-11-01,Shipped
1263,1464,535,2021-05-07,Returned
1264,388,111,2022-05-28,Shipped
1265,1801,231,2023-12-27,Delivered
1266,1556,736,2023-03-24,Cancelled
1267,1543,1473,2021-11-17,Processing
1268,518,560,2022-07-16,Shipped
1269,780,836,2023-01-18,Returned
1270,970,1659,2022-11-27,Processing
1271,313,721,2024-02-22,Returned
1272,213,1108,2022-10-15,Returned
1273,1886,480,2024-05-03,Returned
1274,1925,1036,2024-02-23,Delivered
1275,1622,1693,2021-06-12,Processing
1276,1671,699,2023-08-31,Shipped
1277,286,1044,2023-08-24,Cancelled
1278,1166,566,2021-01-15,Returned
1279,406,277,2021-01-03,Returned
1280,1440,70,2021-04-15,Returned
1281,630,1026,2024-03-29,Pending
1282,1027,537,2024-10-25,Pending
1283,133,1776,2022-04-17,Pending
1284,246,185,2024-07-03,Pending
1285,1188,1090,2021-09-20,Returned
1286,1947,770,2022-09-23,Cancelled
1287,582,574,2024-10-26,Pending
1288,1247,917,2020-07-18,Processing
1289,52,52,2023-04-27,Cancelled
1290,389,413,2024-10-28,Shipped
1291,665,391,2023-01-02,Pending
1292,706,525,2024-05-06,Returned
1293,163,242,2020-06-17,Shipped
1294,969,1767,2023-01-16,Processing
1295,1622,1709,2023-04-03,Shipped
1296,1874,1334,2022-05-09,Delivered
1297,615,588,2024-05-31,Cancelled
1298,515,595,2024-06-14,Returned
1299,1050,1098,2022-10-03,Shipped
1300,1836,1951,2023-08-07,Shipped
1301,1352,856,2024-12-08,Processing
1302,643,231,2024-04-23,Shipped
1303,1317,1226,2020-01-22,Shipped
1304,1126,1634,2021-01-27,Shipped
1305,456,1316,2021-06-06,Cancelled
1306,154,1272,2020-11-10,Shipped
1307,1318,313,2024-09-10,Shipped
1308,1988,1968,2024-02-05,Returned
1309,1977,196,2020-07-15,Cancelled
1310,992,1194,2023-02-12,Delivered
1311,1345,1478,2021-01-26,Processing
1312,1116,1683,2021-05-21,Processing
1313,1482,238,2020-10-15,Cancelled
1314,93,1184,2020-10-24,Shipped
1315,1954,1405,2022-12-05,Shipped
1316,1414,126,2021-09-09,Shipped
1317,1511,1997,2024-09-27,Cancelled
1318,1046,920,2021-04-13,Pending
1319,626,303,2024-07-24,Shipped
1320,1073,588,2023-02-08,Processing
1321,1265,1756,2021-12-07,Cancelled
1322,1635,745,2024-10-16,Processing
1323,802,187,2023-07-22,Cancelled
1324,79,1172,2023-04-15,Cancelled
1325,207,1182,2020-09-27,Processing
1326,294,753,2022-05-27,Shipped
1327,1602,987,2020-12-02,Shipped
1328,1416,403,2020-04-17,Shipped
1329,1189,185,2020-11-02,Delivered
1330,1324,1091,2020-11-05,Pending
1331,116,116,2020-01-22,Cancelled
1332,788,1302,2021-11-20,Processing
1333,568,1382,2021-02-12,Processing
1334,72,1239,2024-01-17,Delivered
1335,8,957,2024-03-25,Processing
1336,1135,967,2020-07-10,Returned
1337,67,379,2022-04-07,Delivered
1338,259,67,2020-08-03,Cancelled
1339,1084,923,2024-10-22,Shipped
1340,1559,1361,2020-06-26,Processing
1341,200,1676,2024-09-22,Pending
1342,1924,799,2023-01-03,Processing
1343,798,1931,2023-10-15,Shipped
1344,1996,794,2020-05-21,Pending
1345,1632,1461,2022-02-18,Shipped
1346,1425,1146,2021-06-08,Pending
1347,1440,836,2022-02-07,Returned
1348,136,1406,2024-05-07,Delivered
1349,185,909,2020-09-26,Cancelled
1350,154,1853,2022-04-19,Cancelled
1351,907,1159,2023-06-04,Pending
1352,1177,1670,2024-03-28,Shipped
1353,1438,35,2020-07-13,Delivered
1354,230,221,2023-10-07,Cancelled
1355,895,105,2024-07-05,Cancelled
1356,1556,432,2020-08-28,Cancelled
1357,154,1087,2023-06-05,Returned
1358,1845,1403,2023-07-24,Shipped
1359,556,602,2020-07-22,Processing
1360,718,1984,2022-10-26,Pending
1361,315,1863,2022-12-22,Returned
1362,1117,336,2022-04-08,Cancelled
1363,1994,1193,2023-11-04,Returned
1364,1079,721,2021-12-20,Delivered
1365,556,745,2024-09-04,Cancelled
1366,343,778,2021-08-31,Pending
1367,209,1650,2021-10-11,Pending
1368,800,1479,2023-11-25,Returned
1369,1455,63,2020-05-15,Returned
1370,1232,139,2021-12-28,Processing
1371,100,1779,2020-06-07,Returned
1372,1310,924,2022-09-24,Returned
1373,1557,1233,2024-09-07,Cancelled
1374,1955,889,2024-05-24,Delivered
1375,940,938,2022-05-17,Pending
1376,1490,858,2021-05-25,Cancelled
1377,11,398,2021-03-21,Returned
1378,926,1707,2021-05-25,Delivered
1379,1929,1588,2022-06-19,Pending
1380,1126,558,2024-04-16,Processing
1381,1183,571,2020-09-10,Pending
1382,88,1187,2021-09-27,Returned
1383,36,1947,2021-12-11,Pending
1384,1498,201,2021-03-26,Cancelled
1385,1895,1740,2024-07-30,Processing
1386,925,111,2023-01-14,Cancelled
1387,1156,958,2020-12-22,Shipped
1388,1820,982,2024-04-23,Pending
1389,685,762,2020-11-04,Shipped
1390,615,1441,2022-06-05,Shipped
1391,224,1194,2020-05-12,Pending
1392,1045,1601,2021-12-08,Returned
1393,1292,414,2020-10-16,Delivered
1394,409,9,2023-07-02,Delivered
1395,19,1995,2022-12-17,Processing
1396,294,836,2023-03-03,Pending
1397,1310,165,2024-01-13,Pending
1398,1084,1681,2021-11-01,Cancelled
1399,937,11,2022-11-11,Shipped
1400,1149,1304,2020-12-17,Delivered
1401,287,953,2020-03-28,Processing
1402,1781,1102,2022-07-04,Returned
1403,1761,1479,2022-07-28,Shipped
1404,513,936,2020-08-11,Processing
1405,142,287,2023-05-25,Returned
1406,908,74,2020-06-06,Shipped
1407,331,476,2021-07-03,Cancelled
1408,713,1566,2021-02-17,Delivered
1409,1958,890,2020-08-13,Processing
1410,1601,677,2021-10-07,Processing
1411,109,796,2024-11-22,Processing
1412,335,1046,2024-06-05,Delivered
1413,1731,1013,2021-10-28,Delivered
1414,1996,1738,2023-07-17,Delivered
1415,1242,1842,2021-04-16,Processing
1416,1313,64,2024-02-15,Pending
1417,321,426,2021-10-19,Pending
1418,1548,1288,2021-05-13,Shipped
1419,399,154,2020-10-30,Delivered
1420,597,585,2020-03-15,Pending
1421,1388,294,2023-05-15,Returned
1422,636,1242,2023-01-14,Pending
1423,81,1948,2020-07-05,Pending
1424,1868,321,2023-05-23,Processing
1425,412,1558,2022-09-13,Processing
1426,1079,767,2022-12-11,Processing
1427,591,1498,2022-01-28,Processing
1428,1133,194,2020-07-22,Returned
1429,623,494,2022-06-08,Processing
1430,1917,142,2021-04-14,Delivered
1431,92,205,2020-10-18,Pending
1432,561,1196,2020-07-25,Cancelled
1433,1888,1825,2021-02-19,Returned
1434,1863,1572,2024-10-03,Processing
1435,284,717,2024-01-28,Delivered
1436,1393,1056,2023-06-06,Shipped
1437,845,970,2022-11-25,Shipped
1438,1823,141,2021-09-23,Returned
1439,1720,317,2021-12-08,Shipped
1440,492,1879,2020-06-26,Cancelled
1441,1439,823,2024-01-17,Cancelled
1442,563,1923,2021-06-18,Cancelled
1443,1,836,2021-09-15,Processing
1444,1011,554,2023-03-08,Returned
1445,27,1540,2020-08-31,Pending
1446,923,1844,2024-11-26,Processing
1447,1962,1493,2021-07-10,Returned
1448,1335,1906,2024-08-08,Pending
1449,281,1295,2024-07-07,Returned
1450,369,31,2023-03-14,Shipped
1451,190,1539,2023-07-05,Processing
1452,1006,46,2024-02-01,Delivered
1453,460,1187,2024-08-04,Returned
1454,1136,822,2022-08-14,Shipped
1455,1764,623,2020-08-12,Processing
1456,445,125,2024-05-26,Returned
1457,1754,1182,2021-05-29,Pending
1458,1334,1769,2024-06-06,Shipped
1459,1847,997,2023-08-11,Delivered
1460,559,1464,2023-09-30,Cancelled
1461,1376,928,2022-07-20,Returned
1462,215,1143,2024-03-23,Shipped
1463,1821,523,2021-12-09,Delivered
1464,186,355,2023-09-27,Delivered
1465,991,266,2023-09-12,Pending
1466,678,233,2020-11-14,Shipped
1467,714,1779,2022-01-04,Pending
1468,1359,823,2022-05-23,Pending
1469,17,740,2023-11-28,Pending
1470,162,883,2021-10-26,Pending
1471,158,146,2023-01-12,Processing
1472,1819,1858,2024-11-05,Cancelled
1473,357,1169,2024-07-17,Shipped
1474,664,1838,2020-08-21,Processing
1475,1548,486,2022-03-26,Delivered
1476,673,412,2024-11-04,Processing
1477,1520,1000,2024-03-23,Shipped
1478,1274,1157,2022-09-07,Returned
1479,601,628,2022-08-26,Delivered
1480,1227,324,2024-07-22,Cancelled
1481,226,1039,2021-07-23,Pending
1482,37,734,2024-09-25,Cancelled
1483,1656,1507,2020-07-23,Pending
1484,771,1987,2021-01-01,Delivered
1485,340,1753,2022-08-07,Processing
1486,1672,1169,2020-11-17,Cancelled
1487,447,351,2024-09-12,Cancelled
1488,773,1998,2024-11-06,Shipped
1489,1436,1538,2022-10-17,Processing
1490,431,138,2024-05-16,Shipped
1491,1775,170,2024-01-21,Delivered
1492,1585,73,2020-03-09,Processing
1493,856,317,2021-07-25,Delivered
1494,1084,1686,2023-09-12,Processing
1495,464,1423,2023-05-10,Shipped
1496,1683,307,2020-01-05,Processing
1497,1581,977,2022-03-25,Returned
1498,506,1235,2022-04-03,Processing
1499,1353,419,2022-07-14,Delivered
1500,1106,1356,2024-01-22,Processing
1501,594,1397,2024-07-11,Processing
1502,669,1273,2020-10-02,Cancelled
1503,517,135,2023-04-21,Pending
1504,1158,1910,2020-10-25,Delivered
1505,839,1273,2021-06-17,Pending
1506,1537,675,2021-09-09,Returned
1507,1181,198,2024-11-17,Pending
1508,1990,1083,2024-02-09,Returned
1509,591,401,2022-05-22,Pending
1510,613,1616,2020-12-31,Returned
1511,852,321,2020-12-04,Pending
1512,132,1507,2020-03-21,Returned
1513,74,128,2022-12-20,Returned
1514,724,1576,2020-06-06,Processing
1515,1553,938,2020-02-28,Delivered
1516,894,195,2020-04-30,Delivered
1517,1611,1189,2024-11-01,Returned
1518,326,59,2021-10-22,Cancelled
1519,816,1053,2024-08-24,Shipped
1520,1254,814,2021-03-24,Cancelled
1521,442,1398,2021-05-18,Delivered
1522,397,563,2021-02-23,Shipped
1523,1505,277,2023-04-08,Pending
1524,70,470,2021-04-26,Pending
1525,1464,1275,2023-10-17,Processing
1526,976,773,2024-10-08,Pending
1527,430,1399,2022-01-29,Pending
1528,612,1766,2024-10-08,Delivered
1529,474,1845,2024-05-22,Delivered
1530,672,571,2022-10-05,Pending
1531,1045,119,2023-08-22,Shipped
1532,305,1295,2023-12-11,Cancelled
1533,1207,1860,2022-11-19,Processing
1534,1884,738,2023-07-27,Shipped
1535,485,566,2023-11-18,Cancelled
1536,1221,1956,2020-04-03,Returned
1537,400,1285,2023-06-06,Shipped
1538,1585,1618,2022-09-05,Returned
1539,909,639,2022-07-18,Processing
1540,301,418,2023-12-21,Shipped
1541,1007,341,2021-04-30,Delivered
1542,207,1559,2022-06-10,Delivered
1543,1160,318,2020-06-16,Processing
1544,265,749,2022-03-19,Returned
1545,1670,1880,2022-05-16,Delivered
1546,256,1259,2023-10-26,Returned
1547,1985,780,2020-06-26,Pending
1548,1995,1486,2024-03-05,Returned
1549,1181,1036,2022-01-30,Delivered
1550,222,253,2020-06-15,Processing
1551,1827,1474,2020-03-14,Cancelled
1552,352,1927,2023-03-06,Cancelled
1553,1235,614,2023-11-15,Delivered
1554,1722,208,2024-06-25,Shipped
1555,1500,1186,2023-05-09,Processing
1556,1314,317,2021-10-12,Shipped
1557,782,917,2024-09-09,Returned
1558,1730,66,2023-11-17,Pending
1559,31,1889,2023-03-06,Shipped
1560,563,195,2024-09-08,Processing
1561,964,488,2022-08-11,Delivered
1562,1249,791,2023-10-05,Delivered
1563,901,1216,2023-03-06,Pending
1564,1374,1614,2021-01-29,Shipped
1565,977,427,2020-11-30,Returned
1566,724,600,2024-07-21,Processing
1567,1732,800,2024-03-24,Shipped
1568,655,728,2023-07-14,Shipped
1569,854,1510,2023-02-16,Returned
1570,1545,547,2020-12-01,Cancelled
1571,268,419,2020-02-03,Processing
1572,1157,1850,2023-10-03,Cancelled
1573,1099,898,2021-11-28,Shipped
1574,950,1500,2020-01-06,Delivered
1575,1339,308,2023-09-10,Delivered
1576,1058,1930,2022-03-01,Shipped
1577,950,1363,2021-11-25,Shipped
1578,1144,20,2020-05-28,Cancelled
1579,894,329,2021-05-19,Processing
1580,222,110,2022-02-04,Delivered
1581,178,361,2020-07-25,Processing
1582,1343,1006,2023-04-17,Shipped
1583,472,572,2020-11-01,Cancelled
1584,1402,152,2021-12-15,Cancelled
1585,108,1802,2021-10-06,Pending
1586,255,1185,2024-09-15,Pending
1587,2,236,2022-11-07,Shipped
1588,733,882,2023-02-16,Processing
1589,1512,132,2021-06-06,Delivered
1590,1047,1533,2020-01-23,Cancelled
1591,1378,1220,2024-12-21,Processing
1592,525,946,2020-05-02,Pending
1593,294,318,2020-05-03,Shipped
1594,1229,1733,2024-10-30,Shipped
1595,388,988,2024-08-14,Processing
1596,320,616,2022-01-26,Returned
1597,1063,1455,2020-05-04,Shipped
1598,1265,1292,2023-02-17,Returned
1599,1797,969,2022-06-11,Shipped
1600,626,34,2022-06-16,Shipped
1601,1612,1605,2020-09-09,Delivered
1602,105,1087,2023-03-22,Returned
1603,1675,1547,2022-02-24,Pending
1604,1626,321,2022-12-09,Cancelled
1605,1031,964,2024-11-15,Delivered
1606,1143,187,2021-12-07,Pending
1607,930,1402,2024-03-30,Returned
1608,7,1707,2022-05-09,Shipped
1609,146,1989,2023-04-19,Processing
1610,299,1959,2020-01-27,Delivered
1611,1172,789,2023-03-21,Processing
1612,1119,241,2024-11-23,Shipped
1613,1146,619,2020-07-31,Cancelled
1614,403,696,2022-08-28,Shipped
1615,63,1336,2024-01-11,Processing
1616,1728,1191,2022-11-03,Pending
1617,1483,88,2020-12-21,Returned
1618,1943,691,2020-04-01,Returned
1619,1057,164,2020-08-26,Processing
1620,465,1526,2022-03-10,Returned
1621,1123,1958,2021-05-29,Cancelled
1622,1312,1731,2023-12-28,Shipped
1623,1923,1243,2023-06-03,Delivered
1624,524,1073,2020-11-22,Cancelled
1625,1370,1708,2022-01-05,Delivered
1626,760,1360,2024-11-14,Delivered
1627,1345,296,2023-08-13,Cancelled
1628,1700,1212,2024-02-12,Pending
1629,724,1018,2020-12-06,Shipped
1630,542,1980,2022-08-09,Cancelled
1631,952,1035,2022-06-10,Shipped
1632,1236,2000,2022-04-15,Processing
1633,480,519,2020-09-19,Cancelled
1634,95,1450,2020-06-10,Returned
1635,1959,122,2020-10-31,Pending
1636,1821,596,2023-10-30,Shipped
1637,756,1864,2023-05-16,Pending
1638,1067,1817,2023-10-15,Processing
1639,97,1364,2024-01-01,Pending
1640,281,283,2024-05-25,Shipped
1641,1879,1970,2022-05-24,Shipped
1642,981,547,2021-06-10,Shipped
1643,899,1450,2020-10-18,Shipped
1644,1818,1300,2021-01-06,Processing
1645,1769,546,2021-01-19,Cancelled
1646,1380,1141,2023-01-11,Delivered
1647,978,1950,2022-05-13,Delivered
1648,489,1746,2024-08-16,Shipped
1649,688,452,2020-07-18,Pending
1650,185,1538,2022-12-08,Returned
1651,466,853,2024-04-02,Delivered
1652,1896,1712,2023-04-02,Cancelled
1653,104,1200,2021-11-07,Delivered
1654,780,1334,2021-11-05,Delivered
1655,559,932,2023-01-01,Pending
1656,1249,76,2022-08-19,Pending
1657,1251,214,2023-12-28,Cancelled
1658,1373,1176,2024-02-26,Pending
1659,283,300,2022-11-26,Delivered
1660,1166,256,2022-10-27,Shipped
1661,1643,708,2021-11-20,Cancelled
1662,767,43,2024-09-16,Processing
1663,840,1304,2021-12-19,Returned
1664,732,1700,2021-09-12,Shipped
1665,770,1108,2021-10-25,Cancelled
1666,806,350,2021-04-04,Processing
1667,886,1693,2022-03-18,Shipped
1668,1621,1993,2022-04-12,Cancelled
1669,1273,14,2021-02-23,Processing
1670,652,36,2022-12-30,Cancelled
1671,1431,125,2020-12-22,Returned
1672,784,517,2020-08-23,Shipped
1673,1197,402,2023-08-30,Processing
1674,1422,806,2020-10-12,Shipped
1675,1399,1297,2023-09-21,Delivered
1676,856,1424,2020-09-03,Shipped
1677,369,1833,2021-12-12,Returned
1678,156,1997,2023-11-12,Shipped
1679,496,887,2021-09-18,Delivered
1680,1907,1030,2023-04-01,Processing
1681,785,1323,2020-01-19,Cancelled
1682,987,944,2023-04-05,Pending
1683,1445,63,2020-12-30,Cancelled
1684,1828,1918,2023-08-03,Cancelled
1685,1749,1049,2022-10-27,Returned
1686,537,566,2020-02-12,Processing
1687,871,778,2022-03-24,Pending
1688,601,1979,2024-05-25,Delivered
1689,536,1990,2021-04-28,Shipped
1690,1609,1067,2024-05-09,Cancelled
1691,926,1687,2020-05-24,Shipped
1692,383,145,2022-07-17,Pending
1693,1713,1716,2022-03-20,Shipped
1694,1152,1565,2024-09-27,Delivered
1695,540,428,2023-08-10,Cancelled
1696,1227,1441,2021-01-25,Cancelled
1697,1176,417,2024-08-15,Processing
1698,1256,450,2024-01-18,Pending
1699,1655,889,2024-07-07,Shipped
1700,1804,292,2022-07-03,Cancelled
1701,266,1275,2021-09-15,Cancelled
1702,1876,226,2021-12-05,Processing
1703,1249,969,2022-03-13,Delivered
1704,1570,1209,2024-01-19,Delivered
1705,1062,679,2021-03-20,Shipped
1706,290,1163,2022-01-28,Shipped
1707,1449,1835,2023-09-15,Delivered
1708,1056,128,2021-02-18,Pending
1709,1074,295,2023-06-10,Returned
1710,1077,1442,2024-06-09,Delivered
1711,346,755,2022-01-30,Returned
1712,1063,1829,2020-07-23,Shipped
1713,882,1677,2024-05-31,Returned
1714,1352,527,2023-06-17,Shipped
1715,1482,302,2024-08-31,Shipped
1716,256,172,2020-02-01,Pending
1717,1062,558,2021-06-09,Shipped
1718,564,1662,2023-06-29,Returned
1719,1845,1952,2021-09-14,Shipped
1720,1918,1942,2024-12-19,Delivered
1721,477,1651,2024-09-27,Delivered
1722,260,1225,2024-06-06,Pending
1723,937,1390,2023-02-20,Cancelled
1724,1728,1960,2020-02-19,Pending
1725,457,61,2023-12-18,Delivered
1726,75,1502,2021-11-20,Pending
1727,220,91,2021-02-18,Cancelled
1728,197,1751,2023-04-01,Shipped
1729,866,1691,2024-05-21,Returned
1730,135,1206,2022-04-12,Delivered
1731,1911,742,2021-09-02,Returned
1732,1253,217,2024-12-28,Returned
1733,75,1062,2020-12-26,Pending
1734,18,1717,2021-07-29,Shipped
1735,1499,1594,2020-02-18,Processing
1736,374,227,2020-12-20,Returned
1737,58,291,2022-05-23,Shipped
1738,933,46,2020-07-05,Shipped
1739,572,1734,2021-11-11,Pending
1740,971,1351,2021-01-09,Processing
1741,604,191,2023-07-04,Delivered
1742,1293,615,2022-07-07,Delivered
1743,1046,655,2022-07-30,Returned
1744,222,1161,2023-12-31,Delivered
1745,1763,1810,2021-12-16,Pending
1746,1945,1469,2020-11-26,Shipped
1747,1765,325,2024-12-01,Cancelled
1748,290,732,2022-02-07,Pending
1749,1496,136,2021-06-17,Processing
1750,1135,1037,2020-02-18,Shipped
1751,1371,1880,2020-06-06,Returned
1752,1106,215,2023-07-14,Shipped
1753,1436,954,2023-07-08,Processing
1754,1563,638,2024-02-06,Pending
1755,97,80,2020-08-24,Processing
1756,1591,649,2024-05-07,Pending
1757,1662,583,2021-09-28,Processing
1758,139,1400,2020-08-28,Pending
1759,1872,663,2020-02-09,Shipped
1760,1736,1006,2022-08-23,Cancelled
1761,1696,476,2022-08-22,Pending
1762,37,1536,2020-12-04,Shipped
1763,1594,1885,2022-07-24,Processing
1764,1296,1978,2021-08-19,Cancelled
1765,1851,1021,2022-04-24,Cancelled
1766,532,505,2023-11-18,Cancelled
1767,1061,1950,2022-01-10,Delivered
1768,768,1198,2024-06-29,Delivered
1769,1905,1673,2021-12-25,Delivered
1770,1243,317,2020-10-09,Pending
1771,28,458,2024-10-17,Returned
1772,1042,347,2023-11-14,Pending
1773,1023,1914,2022-03-13,Delivered
1774,1264,1885,2022-10-15,Returned
1775,1147,1998,2022-11-06,Delivered
1776,586,1107,2022-02-16,Delivered
1777,1716,1223,2022-11-10,Pending
1778,215,1937,2020-03-06,Shipped
1779,1036,876,2021-05-13,Returned
1780,1187,1953,2022-04-12,Shipped
1781,635,1968,2022-06-20,Delivered
1782,609,1095,2021-02-15,Cancelled
1783,1064,379,2021-01-10,Delivered
1784,1128,153,2024-07-08,Processing
1785,360,1575,2021-06-24,Delivered
1786,1219,682,2023-09-13,Shipped
1787,878,1509,2022-07-02,Processing
1788,1392,1309,2023-11-03,Cancelled
1789,785,1730,2024-08-03,Delivered
1790,250,655,2024-11-29,Cancelled
1791,1004,1617,2023-04-21,Delivered
1792,1102,1122,2023-02-23,Cancelled
1793,334,645,2020-08-20,Shipped
1794,689,1626,2024-02-19,Returned
1795,1807,178,2023-11-07,Returned
1796,129,1344,2024-01-06,Delivered
1797,1612,1305,2020-05-12,Delivered
1798,607,1815,2023-01-27,Shipped
1799,284,69,2020-05-05,Delivered
1800,471,1491,2020-03-30,Returned
1801,659,550,2021-08-30,Processing
1802,1294,1455,2023-02-22,Pending
1803,443,1040,2024-09-25,Cancelled
1804,338,1522,2022-11-15,Delivered
1805,1025,111,2020-02-03,Returned
1806,1676,669,2023-10-01,Pending
1807,339,1600,2021-05-18,Cancelled
1808,421,87,2023-04-17,Cancelled
1809,964,1278,2020-10-17,Delivered
1810,78,277,2021-07-19,Delivered
1811,993,737,2021-03-14,Shipped
1812,1807,728,2022-03-28,Delivered
1813,991,1613,2021-06-21,Delivered
1814,1780,1438,2020-12-01,Returned
1815,1733,1359,2022-06-09,Delivered
1816,210,1056,2020-03-14,Delivered
1817,679,1521,2024-02-12,Processing
1818,905,97,2023-10-25,Processing
1819,890,658,2022-02-16,Pending
1820,826,864,2023-03-21,Delivered
1821,1864,1614,2024-11-01,Processing
1822,1921,1112,2023-06-23,Shipped
1823,547,328,2023-05-19,Delivered
1824,275,1798,2020-04-16,Processing
1825,708,1999,2020-02-23,Processing
1826,711,264,2022-06-19,Pending
1827,1662,465,2023-02-21,Returned
1828,1212,1096,2023-07-21,Returned
1829,1470,1710,2021-11-22,Returned
1830,1958,228,2021-12-22,Delivered
1831,466,1891,2020-07-24,Cancelled
1832,1569,1970,2021-04-16,Processing
1833,766,1916,2020-10-07,Delivered
1834,404,310,2023-12-30,Returned
1835,173,65,2020-12-21,Processing
1836,1923,1151,2020-07-02,Returned
1837,251,60,2022-11-19,Returned
1838,220,1840,2022-01-27,Pending
1839,1980,1640,2023-12-04,Cancelled
1840,225,920,2024-08-07,Cancelled
1841,584,881,2020-04-17,Pending
1842,1747,1116,2022-07-09,Shipped
1843,1301,1214,2020-04-14,Processing
1844,452,1409,2020-03-29,Delivered
1845,929,286,2024-03-22,Processing
1846,1444,496,2023-12-11,Shipped
1847,1102,1330,2021-12-20,Delivered
1848,1726,793,2021-09-26,Processing
1849,1404,768,2021-06-21,Pending
1850,1275,314,2024-09-08,Pending
1851,1416,171,2020-07-16,Processing
1852,905,1155,2020-03-10,Shipped
1853,547,152,2020-02-08,Delivered
1854,610,800,2021-03-17,Returned
1855,1470,136,2022-01-28,Processing
1856,812,1827,2021-11-10,Returned
1857,1206,1583,2022-06-30,Pending
1858,1537,1236,2023-04-12,Returned
1859,1080,317,2021-12-31,Processing
1860,409,328,2020-02-17,Shipped
1861,952,175,2021-04-05,Delivered
1862,61,1388,2020-08-17,Pending
1863,733,447,2024-12-21,Delivered
1864,533,312,2020-11-15,Returned
1865,390,1348,2024-08-18,Processing
1866,1178,221,2022-03-06,Cancelled
1867,317,1405,2024-07-03,Cancelled
1868,1651,1265,2024-12-05,Processing
1869,544,1418,2024-07-03,Pending
1870,679,1068,2021-06-26,Pending
1871,830,352,2021-05-02,Returned
1872,783,1686,2022-08-22,Delivered
1873,239,792,2024-02-26,Cancelled
1874,1666,1155,2023-05-09,Shipped
1875,465,114,2021-04-30,Pending
1876,968,491,2020-05-15,Pending
1877,1503,243,2024-07-03,Shipped
1878,1709,1610,2021-06-18,Shipped
1879,1284,1537,2023-11-17,Delivered
1880,172,275,2020-10-18,Returned
1881,1080,188,2023-06-30,Shipped
1882,913,105,2020-10-31,Shipped
1883,49,659,2022-06-22,Cancelled
1884,1051,164,2024-03-31,Cancelled
1885,1492,1520,2020-04-03,Cancelled
1886,647,628,2021-06-28,Pending
1887,1368,1029,2022-07-22,Shipped
1888,586,1228,2020-01-26,Delivered
1889,374,592,2024-07-17,Delivered
1890,1963,1479,2022-03-08,Returned
1891,1773,1635,2022-06-05,Cancelled
1892,51,1096,2024-04-22,Cancelled
1893,154,251,2020-06-10,Processing
1894,1502,420,2021-10-02,Shipped
1895,183,324,2023-12-03,Pending
1896,21,504,2024-07-25,Shipped
1897,715,57,2020-03-30,Processing
1898,401,345,2021-11-20,Returned
1899,779,1251,2020-07-24,Returned
1900,349,1262,2024-12-20,Pending
1901,227,527,2021-07-12,Processing
1902,1404,854,2022-04-23,Returned
1903,1337,1034,2022-08-11,Processing
1904,1411,1470,2023-06-27,Returned
1905,1815,1511,2022-04-04,Cancelled
1906,1360,518,2021-09-01,Pending
1907,62,24,2024-12-17,Cancelled
1908,1288,180,2021-01-29,Delivered
1909,210,1170,2021-09-25,Shipped
1910,1346,1062,2024-07-12,Pending
1911,748,435,2023-04-14,Shipped
1912,1642,271,2024-12-31,Delivered
1913,1329,342,2023-06-20,Delivered
1914,1857,167,2021-06-29,Returned
1915,1900,1577,2023-10-26,Processing
1916,666,567,2022-10-11,Processing
1917,251,1765,2020-04-04,Returned
1918,745,837,2021-03-06,Shipped
1919,114,1394,2022-01-23,Processing
1920,920,576,2022-06-03,Processing
1921,1369,1158,2021-02-18,Returned
1922,1349,577,2022-03-02,Cancelled
1923,1857,1211,2021-11-07,Pending
1924,1696,878,2020-09-28,Shipped
1925,811,1826,2024-04-23,Pending
1926,279,242,2024-02-22,Cancelled
1927,1610,1010,2021-04-20,Delivered
1928,356,142,2024-06-18,Returned
1929,1955,291,2023-11-04,Shipped
1930,1441,1281,2020-10-19,Processing
1931,1527,1867,2023-01-15,Pending
1932,1952,1092,2022-12-11,Delivered
1933,762,1455,2020-10-07,Shipped
1934,739,700,2022-09-20,Cancelled
1935,354,1104,2021-07-21,Pending
1936,1490,941,2023-03-16,Cancelled
1937,307,208,2024-02-15,Pending
1938,374,1017,2022-05-09,Pending
1939,726,103,2021-07-03,Processing
1940,1988,1996,2021-06-08,Shipped
1941,367,1372,2023-06-09,Cancelled
1942,1602,78,2020-09-05,Delivered
1943,1939,1600,2020-01-16,Shipped
1944,1872,1642,2023-07-07,Cancelled
1945,2000,1327,2024-05-21,Shipped
1946,1717,175,2024-07-22,Returned
1947,209,364,2020-09-22,Shipped
1948,189,1120,2023-05-05,Cancelled
1949,1286,224,2022-09-30,Processing
1950,641,1587,2021-04-29,Returned
1951,163,1608,2022-04-13,Cancelled
1952,677,982,2023-03-04,Processing
1953,649,559,2021-10-24,Returned
1954,1040,749,2023-02-16,Processing
1955,1172,1543,2020-12-11,Shipped
1956,1231,913,2024-08-03,Shipped
1957,378,62,2020-05-19,Shipped
1958,570,720,2022-05-15,Cancelled
1959,1597,1980,2023-01-18,Returned
1960,1318,1638,2023-09-07,Shipped
1961,1555,1750,2023-10-30,Returned
1962,647,1314,2020-09-17,Pending
1963,731,1299,2020-11-14,Cancelled
1964,798,1795,2020-10-27,Pending
1965,1892,362,2020-03-16,Returned
1966,1594,1213,2020-07-17,Shipped
1967,1582,1802,2022-02-01,Shipped
1968,32,1172,2020-07-09,Delivered
1969,1106,478,2021-04-08,Processing
1970,736,4,2022-03-23,Delivered
1971,573,1344,2022-08-01,Processing
1972,242,1497,2022-05-05,Cancelled
1973,900,435,2020-11-04,Processing
1974,1245,1926,2023-03-13,Cancelled
1975,398,847,2023-02-10,Returned
1976,1413,975,2021-02-05,Delivered
1977,1755,596,2020-02-23,Delivered
1978,350,449,2020-10-02,Returned
1979,1066,53,2023-06-02,Returned
1980,848,898,2023-06-30,Shipped
1981,145,492,2024-05-21,Delivered
1982,243,710,2023-07-04,Delivered
1983,819,461,2022-02-14,Processing
1984,459,213,2023-08-21,Returned
1985,187,1097,2022-09-03,Cancelled
1986,965,942,2024-12-09,Cancelled
1987,1728,1853,2023-05-14,Processing
1988,559,238,2023-08-14,Processing
1989,714,405,2022-12-17,Shipped
1990,415,1719,2021-04-25,Returned
1991,340,1573,2022-01-15,Processing
1992,136,344,2020-12-11,Cancelled
1993,746,1395,2023-05-05,Processing
1994,1542,660,2023-05-26,Shipped
1995,639,1012,2024-10-26,Returned
1996,1012,1418,2022-05-12,Processing
1997,1938,1864,2022-08-28,Returned
1998,1345,505,2023-12-01,Returned
1999,752,868,2021-08-30,Pending
2000,682,1801,2021-10-08,Pending
