payment_id,order_id,amount,payment_date,status,payment_type
1,41,452.83,2023-06-19,Failed,Card
2,1953,221.55,2021-10-28,Processing,Cash
3,1380,137.55,2024-04-17,Failed,Cash
4,1886,82.6,2021-06-28,Pending,Card
5,611,148.05,2024-04-09,Pending,Cash
6,478,133.05,2020-12-09,Processing,Card
7,1199,90.58,2020-10-31,Pending,Online
8,1527,133.5,2022-01-30,Refunded,Online
9,254,8.94,2023-06-15,Refunded,Online
10,1135,62.39,2021-09-05,Completed,Card
11,1153,537.36,2021-09-04,Refunded,Card
12,29,508.57,2021-01-07,Processing,Card
13,927,66.45,2024-02-29,Pending,Online
14,1411,237.42,2024-11-25,Processing,Online
15,1875,501.86,2021-05-02,Processing,Card
16,1834,498.01,2024-01-03,Failed,Online
17,1260,272.97,2022-07-22,Completed,Card
18,447,360.6,2021-08-29,Processing,Cash
19,1728,10.96,2023-04-05,Processing,Cash
20,1892,324.39,2024-04-24,Refunded,Online
21,797,209.34,2020-07-19,Refunded,Online
22,922,76.41,2021-05-16,Completed,Online
23,1875,489.2,2021-05-04,Failed,Cash
24,521,54.96,2024-11-21,Pending,Card
25,204,99.45,2023-01-14,Processing,Online
26,321,151.51,2020-02-25,Refunded,Card
27,282,108,2021-09-08,Completed,Cash
28,1844,123.9,2020-03-31,Pending,Cash
29,1377,143.74,2021-03-25,Completed,Online
30,835,105.52,2024-01-05,Pending,Cash
31,1680,101.28,2023-04-04,Refunded,Card
32,582,213.93,2020-05-16,Completed,Cash
33,361,71.64,2024-09-07,Pending,Cash
34,1476,93.15,2024-11-06,Failed,Online
35,1670,126.96,2022-12-30,Failed,Card
36,1858,136.8,2023-04-12,Processing,Online
37,1081,144.93,2023-10-05,Refunded,Online
38,1190,167.4,2024-02-18,Refunded,Cash
39,302,358.46,2021-03-06,Failed,Online
40,1834,92.43,2024-01-03,Failed,Online
41,1786,478.8,2023-09-17,Pending,Card
42,1348,215.15,2024-05-08,Processing,Online
43,1269,167.6,2023-01-18,Failed,Card
44,112,156.13,2023-10-09,Processing,Cash
45,174,83.7,2023-09-04,Pending,Online
46,1041,113.05,2021-10-05,Pending,Card
47,1405,16.5,2023-05-27,Failed,Online
48,1975,477.99,2023-02-14,Refunded,Card
49,1080,40.47,2023-05-14,Pending,Cash
50,1806,327.55,2023-10-03,Processing,Online
51,300,217.41,2022-01-14,Processing,Online
52,643,163.2,2021-01-18,Refunded,Cash
53,837,100.05,2022-03-29,Processing,Online
54,40,216.77,2023-06-16,Completed,Online
55,1783,512.09,2021-01-14,Refunded,Online
56,130,269.59,2021-04-11,Processing,Online
57,26,73.5,2021-05-01,Failed,Cash
58,1124,234.81,2022-07-16,Refunded,Card
59,1236,354.21,2022-01-31,Pending,Card
60,361,71.64,2024-09-06,Pending,Cash
61,174,83.7,2023-09-08,Failed,Cash
62,396,276.53,2020-04-10,Failed,Card
63,344,62.93,2022-11-10,Processing,Online
64,667,218.06,2022-03-21,Failed,Cash
65,850,330.89,2021-09-19,Failed,Cash
66,1951,394.05,2022-04-14,Pending,Online
67,786,391.83,2020-10-27,Refunded,Online
68,100,458.4,2024-08-05,Processing,Online
69,2000,322.34,2021-10-12,Processing,Cash
70,873,289.34,2021-12-21,Refunded,Online
71,1148,260.06,2022-09-24,Failed,Card
72,1987,84.33,2023-05-15,Processing,Card
73,1230,234.69,2022-01-11,Processing,Online
74,1047,179.48,2022-05-13,Refunded,Card
75,846,478.47,2023-12-26,Completed,Card
76,1682,501.8,2023-04-09,Processing,Online
77,1518,118.24,2021-10-25,Completed,Card
78,1694,428.83,2024-09-29,Completed,Cash
79,1545,380.96,2022-05-18,Pending,Online
80,1119,244.53,2023-12-14,Processing,Cash
81,1310,374.5,2023-02-14,Pending,Online
82,595,268.8,2022-01-18,Pending,Card
83,103,457.18,2021-07-09,Failed,Card
84,692,156.95,2024-07-01,Failed,Online
85,1621,214.76,2021-05-30,Pending,Online
86,1333,19.44,2021-02-12,Failed,Cash
87,1045,448.71,2021-07-02,Refunded,Online
88,714,102.32,2022-07-11,Refunded,Online
89,1707,465.57,2023-09-17,Completed,Cash
90,1401,506.87,2020-03-29,Refunded,Online
91,746,542.47,2023-02-11,Pending,Cash
92,917,124.48,2024-02-16,Processing,Card
93,1581,79.46,2020-07-28,Failed,Card
94,1196,90.78,2023-02-11,Failed,Cash
95,1815,352.35,2022-06-09,Refunded,Cash
96,1605,134.74,2024-11-16,Failed,Card
97,1943,162.04,2020-01-18,Failed,Cash
98,607,139.68,2022-03-18,Pending,Cash
99,984,511,2023-04-03,Failed,Cash
100,8,397.4,2021-01-01,Pending,Online
101,965,294.55,2020-08-25,Completed,Cash
102,31,479.56,2024-11-02,Processing,Card
103,1477,4.98,2024-03-23,Pending,Online
104,1372,253.14,2022-09-26,Pending,Online
105,1909,482.54,2021-09-28,Pending,Card
106,1131,284.42,2021-03-22,Refunded,Cash
107,533,15.3,2020-08-14,Processing,Card
108,1919,33.47,2022-01-23,Pending,Cash
109,242,246.75,2022-06-11,Completed,Card
110,1617,94.16,2020-12-23,Refunded,Cash
111,767,48.96,2022-01-01,Completed,Online
112,676,196.46,2023-07-30,Failed,Card
113,909,59.23,2024-03-31,Completed,Online
114,963,78.29,2022-04-13,Failed,Cash
115,889,75.13,2021-06-22,Completed,Card
116,853,145.62,2023-12-28,Pending,Cash
117,988,17.68,2023-01-08,Failed,Cash
118,1231,98.8,2021-02-18,Refunded,Card
119,1958,78.02,2022-05-18,Failed,Cash
120,1643,41.18,2020-10-18,Pending,Online
121,972,38.64,2023-09-24,Failed,Card
122,1784,173.59,2024-07-09,Refunded,Cash
123,1450,26.19,2023-03-17,Completed,Card
124,1526,314.02,2024-10-08,Completed,Cash
125,913,204.6,2023-12-09,Processing,Card
126,1253,161.13,2020-06-06,Processing,Card
127,1405,16.5,2023-05-26,Pending,Online
128,395,213.8,2020-09-21,Pending,Card
129,81,248.55,2024-06-20,Pending,Card
130,637,48.76,2022-03-06,Failed,Online
131,874,64.22,2021-02-25,Refunded,Online
132,904,440.32,2022-11-05,Processing,Online
133,1114,499.82,2020-11-29,Failed,Card
134,1224,184.12,2021-12-19,Failed,Card
135,1199,90.58,2020-10-30,Completed,Card
136,1235,515.51,2022-11-02,Failed,Online
137,1448,39.04,2024-08-08,Processing,Card
138,537,500.87,2024-10-10,Completed,Card
139,699,5.9,2023-01-19,Failed,Online
140,476,232.64,2021-12-14,Processing,Cash
141,1760,83.23,2022-08-27,Processing,Cash
142,1968,247.85,2020-07-11,Refunded,Card
143,1755,136.63,2020-08-24,Processing,Card
144,930,433.95,2023-08-23,Refunded,Cash
145,1697,12.84,2024-08-15,Failed,Card
146,274,205.7,2022-05-18,Refunded,Cash
147,831,157.08,2023-03-25,Refunded,Online
148,282,108,2021-09-10,Completed,Card
149,152,358.23,2023-03-19,Failed,Card
150,1944,6.58,2023-07-07,Pending,Online
151,818,76.68,2021-11-21,Refunded,Card
152,891,150.1,2023-07-13,Refunded,Online
153,795,272.61,2020-10-19,Completed,Cash
154,1102,99.45,2021-02-15,Refunded,Card
155,1736,162.96,2020-12-24,Pending,Card
156,106,450.65,2021-04-02,Pending,Card
157,858,248.94,2022-05-13,Pending,Online
158,246,150.97,2024-07-04,Processing,Online
159,220,142.77,2024-04-24,Refunded,Cash
160,570,472.6,2020-10-23,Completed,Cash
161,1336,509.9,2020-07-12,Completed,Card
162,206,68.48,2020-04-26,Failed,Card
163,524,114.54,2023-12-07,Completed,Online
164,1774,77.85,2022-10-19,Refunded,Cash
165,1256,370.68,2024-11-25,Processing,Card
166,1674,392.65,2020-10-15,Pending,Cash
167,1399,56.24,2022-11-14,Completed,Card
168,1037,664.22,2024-02-13,Completed,Card
169,1079,283.48,2020-12-13,Refunded,Card
170,688,89.76,2021-11-07,Failed,Online
171,1930,219.69,2020-10-19,Failed,Cash
172,1273,169.86,2024-05-04,Refunded,Cash
173,393,85.75,2021-03-31,Pending,Cash
174,1033,472.09,2022-03-29,Completed,Cash
175,869,361.16,2023-11-21,Failed,Online
176,1869,38.88,2024-07-04,Completed,Online
177,874,83.25,2021-02-23,Failed,Card
178,657,292.17,2023-02-04,Refunded,Card
179,1375,422.83,2022-05-18,Refunded,Cash
180,1101,313.74,2022-09-04,Refunded,Card
181,1009,334.27,2020-02-12,Pending,Cash
182,1205,367.74,2020-06-09,Processing,Cash
183,1576,72.24,2022-03-03,Refunded,Card
184,1826,50.09,2022-06-20,Processing,Card
185,1054,20.8,2020-05-22,Completed,Online
186,929,330.13,2022-02-04,Processing,Card
187,1738,174.64,2020-07-08,Refunded,Card
188,646,104.06,2021-01-30,Refunded,Card
189,1028,31.92,2024-12-06,Processing,Card
190,1732,106.97,2024-12-29,Refunded,Card
191,931,68.29,2022-04-13,Refunded,Cash
192,1351,544.46,2023-06-07,Failed,Cash
193,1515,242,2020-03-03,Pending,Card
194,83,430.89,2023-05-24,Failed,Card
195,1145,135,2021-09-14,Refunded,Cash
196,1800,400.25,2020-04-01,Processing,Cash
197,1774,77.85,2022-10-18,Completed,Card
198,1522,515.62,2021-02-27,Refunded,Online
199,1129,31,2020-12-08,Pending,Cash
200,1720,67.92,2024-12-20,Completed,Online
201,1792,421.95,2023-02-24,Refunded,Online
202,1238,374.8,2021-03-15,Failed,Online
203,1491,165.14,2024-01-24,Pending,Card
204,982,53.09,2022-02-18,Refunded,Cash
205,1101,360.56,2022-09-05,Processing,Card
206,1934,211.24,2022-09-23,Processing,Card
207,657,292.17,2023-02-06,Completed,Cash
208,985,189.95,2021-09-19,Refunded,Cash
209,1803,143.79,2024-09-25,Refunded,Online
210,190,33.22,2022-07-09,Refunded,Cash
211,1598,28.53,2023-02-18,Processing,Cash
212,39,74.21,2024-04-04,Pending,Card
213,528,397,2022-04-26,Pending,Cash
214,1854,88.04,2021-03-21,Processing,Online
215,746,317.44,2023-02-12,Failed,Online
216,1715,13.26,2024-09-02,Pending,Online
217,202,81.02,2024-10-05,Pending,Cash
218,104,51.75,2021-03-23,Refunded,Cash
219,1728,10.96,2023-04-02,Pending,Card
220,105,284.88,2024-04-16,Processing,Card
221,1723,308,2023-02-20,Refunded,Card
222,644,417.32,2020-10-16,Pending,Cash
223,553,479.16,2022-02-23,Completed,Cash
224,989,173.45,2020-02-08,Refunded,Card
225,1711,489.72,2022-02-03,Processing,Online
226,1493,249.21,2021-07-28,Refunded,Online
227,1407,88.35,2021-07-05,Failed,Online
228,1667,51.7,2022-03-20,Pending,Online
229,1426,38.28,2022-12-14,Processing,Card
230,1593,48.75,2020-05-06,Processing,Card
231,188,108.32,2020-03-25,Processing,Online
232,1848,481.61,2021-09-28,Refunded,Cash
233,659,347.81,2023-08-15,Failed,Online
234,1417,15.93,2021-10-20,Completed,Card
235,733,408.75,2023-08-26,Failed,Online
236,78,97.99,2020-09-16,Pending,Card
237,35,35.4,2023-03-19,Refunded,Online
238,738,401.8,2021-02-26,Completed,Card
239,1177,60.01,2023-04-05,Pending,Online
240,1791,74.1,2023-04-25,Pending,Cash
241,1459,182.77,2023-08-15,Processing,Online
242,1010,369.51,2020-02-12,Pending,Card
243,1277,140.63,2023-08-24,Failed,Online
244,83,130,2023-05-20,Pending,Card
245,809,205.31,2020-10-29,Processing,Cash
246,1188,255.98,2023-05-27,Pending,Cash
247,1991,218.38,2022-01-15,Completed,Card
248,522,118.18,2021-09-26,Processing,Card
249,676,196.46,2023-08-03,Failed,Card
250,1037,664.22,2024-02-13,Processing,Card
251,1642,263,2021-06-13,Pending,Card
252,12,276.88,2024-12-14,Pending,Cash
253,1160,327.32,2024-12-30,Failed,Card
254,613,35.02,2021-12-19,Pending,Cash
255,995,204.33,2023-07-30,Processing,Cash
256,1177,60.01,2023-04-08,Processing,Online
257,390,101.01,2020-08-01,Completed,Online
258,112,520,2023-10-10,Completed,Card
259,1300,341.54,2023-08-11,Pending,Card
260,376,155.52,2023-10-29,Failed,Online
261,286,43.2,2023-03-25,Failed,Card
262,171,3.14,2021-12-11,Completed,Cash
263,866,134.56,2022-10-25,Failed,Card
264,301,114.52,2021-07-20,Completed,Cash
265,1066,101.93,2020-02-26,Refunded,Online
266,1382,270.48,2021-10-01,Refunded,Card
267,148,100.08,2022-12-24,Refunded,Card
268,447,360.6,2021-08-29,Failed,Online
269,453,53.54,2024-05-25,Pending,Card
270,676,196.46,2023-07-31,Refunded,Online
271,173,368.88,2023-09-07,Refunded,Cash
272,822,313.71,2021-01-03,Failed,Cash
273,1898,456.27,2021-11-24,Failed,Cash
274,190,33.22,2022-07-12,Completed,Cash
275,1378,139.08,2021-05-27,Failed,Online
276,991,84.14,2022-10-15,Refunded,Cash
277,1491,165.14,2024-01-24,Processing,Card
278,926,160.52,2021-03-28,Pending,Online
279,17,303.06,2020-10-27,Completed,Online
280,1743,392.14,2022-08-01,Processing,Card
281,1254,92.77,2024-08-16,Pending,Online
282,734,261.85,2021-01-17,Pending,Online
283,500,188.66,2024-07-06,Failed,Online
284,1913,200.16,2023-06-23,Completed,Online
285,1287,14.72,2024-10-27,Processing,Online
286,1474,150.59,2020-08-25,Failed,Card
287,1248,26.7,2022-11-25,Pending,Online
288,183,511.48,2024-08-02,Failed,Card
289,946,81.2,2023-12-08,Failed,Card
290,306,568.06,2023-07-23,Pending,Cash
291,1406,118.4,2020-06-08,Completed,Online
292,1150,508.84,2022-06-09,Refunded,Cash
293,720,285.46,2020-10-31,Pending,Cash
294,1870,153.66,2021-06-26,Refunded,Online
295,1796,130.02,2024-01-08,Completed,Card
296,1476,93.15,2024-11-05,Processing,Card
297,280,295.67,2021-03-21,Completed,Cash
298,1729,533.49,2024-05-21,Processing,Card
299,1663,376.26,2021-12-19,Failed,Online
300,779,133.5,2023-03-08,Failed,Cash
301,562,352.82,2021-04-16,Pending,Online
302,772,37.08,2024-07-09,Processing,Cash
303,136,5.1,2024-04-11,Refunded,Online
304,642,82.36,2021-02-02,Pending,Card
305,1104,9.72,2023-10-06,Processing,Card
306,124,11.06,2022-07-17,Completed,Online
307,1421,546.28,2023-05-18,Pending,Cash
308,1542,119.93,2022-06-10,Pending,Cash
309,974,324.57,2022-07-31,Failed,Online
310,1972,154.25,2022-05-08,Refunded,Online
311,1411,237.42,2024-11-26,Refunded,Card
312,327,59.76,2023-12-12,Completed,Card
313,1844,123.9,2020-03-31,Pending,Cash
314,1434,333.13,2024-10-06,Pending,Cash
315,1084,177.66,2022-12-24,Completed,Online
316,1998,200.16,2023-12-05,Processing,Card
317,289,50.35,2024-08-03,Completed,Cash
318,177,190.89,2020-03-20,Failed,Online
319,1762,537.18,2020-12-04,Pending,Online
320,930,433.95,2023-08-25,Refunded,Online
321,1295,154.88,2023-04-06,Refunded,Card
322,20,172.73,2022-08-11,Refunded,Online
323,713,507.98,2021-08-26,Failed,Cash
324,1931,399.25,2023-01-18,Pending,Online
325,1864,16.45,2020-11-19,Processing,Card
326,281,271.09,2020-06-27,Completed,Cash
327,1161,540.98,2022-06-22,Failed,Card
328,333,343.56,2024-02-14,Completed,Cash
329,319,516.71,2021-12-12,Failed,Card
330,993,518.6,2023-10-05,Refunded,Cash
331,535,90.78,2022-02-17,Processing,Online
332,705,118.87,2023-06-26,Pending,Online
333,607,139.68,2022-03-20,Refunded,Online
334,1183,169.05,2020-08-14,Completed,Cash
335,1892,324.39,2024-04-26,Completed,Cash
336,1993,100.62,2023-05-05,Refunded,Card
337,377,399.81,2021-08-08,Pending,Card
338,1166,183.23,2020-03-19,Pending,Online
339,1183,450.03,2020-08-13,Pending,Cash
340,110,109.2,2024-01-03,Completed,Card
341,996,154.35,2022-05-13,Refunded,Cash
342,78,97.99,2020-09-17,Refunded,Cash
343,11,407.94,2023-07-11,Failed,Cash
344,710,331.82,2024-12-28,Pending,Card
345,645,149.22,2022-10-23,Processing,Cash
346,415,168.64,2023-03-12,Completed,Card
347,1019,124.95,2024-02-02,Completed,Cash
348,1668,387.86,2022-04-15,Pending,Online
349,304,304.89,2023-01-01,Failed,Cash
350,1476,93.15,2024-11-04,Processing,Card
351,1621,214.76,2021-05-31,Pending,Card
352,1016,209.6,2023-10-31,Refunded,Cash
353,1573,92.4,2021-11-29,Completed,Cash
354,580,51.48,2024-03-22,Refunded,Cash
355,1192,136.59,2023-08-23,Pending,Online
356,160,363.05,2023-05-14,Processing,Cash
357,1587,31.08,2022-11-10,Failed,Card
358,283,422.02,2020-01-23,Completed,Cash
359,962,35.07,2022-07-28,Failed,Online
360,409,144.64,2021-05-07,Completed,Card
361,989,173.45,2020-02-09,Completed,Cash
362,1134,150,2020-09-07,Failed,Cash
363,760,69.19,2021-01-03,Pending,Online
364,823,95.43,2020-02-16,Processing,Online
365,370,18,2024-10-09,Refunded,Online
366,1368,114.7,2023-11-28,Pending,Cash
367,1979,70.17,2023-06-02,Refunded,Card
368,1104,9.72,2023-10-03,Refunded,Online
369,1460,127.29,2023-09-30,Processing,Card
370,398,537.65,2021-09-29,Processing,Card
371,1235,73.34,2022-11-03,Completed,Card
372,1819,148,2022-02-19,Processing,Card
373,307,112.91,2023-02-13,Failed,Card
374,1705,180.16,2021-03-24,Processing,Online
375,1892,324.39,2024-04-23,Pending,Card
376,1754,351.01,2024-02-09,Processing,Cash
377,1330,126.56,2020-11-06,Failed,Cash
378,1479,97.42,2022-08-29,Completed,Online
379,572,22.75,2023-04-05,Refunded,Online
380,350,496.8,2020-06-01,Pending,Card
381,210,206.57,2022-11-01,Pending,Card
382,705,184.36,2023-06-23,Refunded,Cash
383,989,173.45,2020-02-07,Completed,Cash
384,1795,63.69,2023-11-07,Completed,Cash
385,1903,127.71,2022-08-12,Processing,Cash
386,1554,238.47,2024-06-27,Pending,Online
387,1374,252.45,2024-05-28,Pending,Online
388,1089,206,2022-12-07,Refunded,Card
389,581,272.12,2021-03-19,Processing,Online
390,53,123.25,2021-11-19,Failed,Card
391,1363,145.39,2023-11-08,Failed,Online
392,443,90.38,2023-02-07,Processing,Card
393,56,63.65,2023-02-20,Refunded,Card
394,1804,18.15,2022-11-17,Failed,Cash
395,884,294.41,2022-11-14,Pending,Cash
396,543,508.16,2021-08-06,Failed,Card
397,747,211.66,2024-06-05,Completed,Card
398,921,379.32,2022-07-14,Refunded,Online
399,408,385.44,2024-01-24,Failed,Online
400,647,152.46,2024-02-09,Pending,Card
401,936,124.27,2023-11-18,Refunded,Online
402,593,547.94,2020-06-22,Completed,Cash
403,767,48.96,2022-01-01,Refunded,Cash
404,78,97.99,2020-09-19,Pending,Card
405,938,399.11,2020-09-09,Pending,Cash
406,1488,51.6,2024-11-06,Failed,Cash
407,85,260.71,2020-04-22,Failed,Cash
408,1878,331.4,2021-06-20,Completed,Online
409,584,108.82,2021-05-30,Refunded,Online
410,1765,500.12,2022-04-28,Failed,Cash
411,952,25.96,2024-02-27,Pending,Online
412,643,163.2,2021-01-22,Failed,Online
413,900,177.1,2023-10-03,Refunded,Cash
414,648,367.2,2022-12-23,Completed,Online
415,1369,262.25,2020-05-18,Processing,Card
416,733,386.66,2023-08-28,Pending,Online
417,1681,207.18,2020-01-21,Pending,Online
418,385,130.48,2022-08-07,Pending,Card
419,629,61.18,2021-11-05,Processing,Online
420,675,264.76,2021-11-10,Processing,Cash
421,216,209.54,2023-06-21,Refunded,Card
422,603,223.18,2023-07-04,Failed,Card
423,1049,140.63,2020-01-25,Failed,Online
424,459,215.46,2021-02-03,Completed,Online
425,668,75.39,2020-12-10,Failed,Cash
426,1824,492.03,2020-04-18,Completed,Card
427,1613,184.08,2020-08-03,Refunded,Online
428,1944,6.58,2023-07-08,Processing,Card
429,527,287.5,2023-11-02,Refunded,Online
430,480,283.1,2024-10-30,Pending,Online
431,357,281.96,2022-01-15,Processing,Online
432,1697,12.84,2024-08-19,Completed,Card
433,577,124.75,2020-09-22,Pending,Online
434,1401,526.37,2020-03-28,Processing,Cash
435,306,568.06,2023-07-22,Refunded,Card
436,774,31.11,2020-11-05,Failed,Online
437,714,298.07,2022-07-11,Pending,Online
438,1778,81.25,2020-03-09,Processing,Card
439,1743,413.73,2022-07-31,Failed,Online
440,898,272.23,2023-02-05,Pending,Online
441,525,72.96,2024-07-23,Refunded,Card
442,1425,57.78,2022-09-13,Refunded,Cash
443,972,38.64,2023-09-23,Completed,Online
444,1734,208.36,2021-07-29,Pending,Cash
445,1904,162.24,2023-06-27,Completed,Card
446,1906,107,2021-09-04,Refunded,Card
447,1656,30.36,2022-08-21,Processing,Online
448,1679,434.14,2021-09-21,Refunded,Online
449,74,191.12,2023-02-06,Failed,Card
450,150,480.36,2020-05-07,Refunded,Online
451,1605,531.96,2024-11-16,Pending,Card
452,300,217.41,2022-01-12,Pending,Online
453,758,72.24,2022-03-07,Processing,Card
454,469,275.31,2020-11-17,Pending,Card
455,1594,394.61,2024-11-01,Failed,Online
456,1177,60.01,2023-04-08,Processing,Card
457,1968,146.64,2020-07-09,Refunded,Cash
458,984,152.32,2023-04-02,Completed,Online
459,1384,54.51,2021-03-28,Failed,Card
460,436,225.76,2023-08-23,Processing,Card
461,35,35.4,2023-03-19,Failed,Online
462,923,201.23,2020-06-16,Completed,Cash
463,1038,429.6,2024-09-22,Refunded,Online
464,418,447.89,2021-05-05,Failed,Card
465,889,75.13,2021-06-22,Refunded,Cash
466,1619,297.35,2020-08-26,Refunded,Card
467,230,19.57,2024-11-10,Processing,Card
468,481,61.18,2024-09-01,Pending,Cash
469,474,155.04,2023-10-17,Pending,Card
470,314,277.7,2024-06-11,Completed,Cash
471,1614,77.88,2022-08-30,Pending,Cash
472,626,127.5,2025-01-01,Completed,Online
473,642,82.36,2021-01-29,Completed,Card
474,755,222.62,2023-10-23,Refunded,Online
475,436,225.76,2023-08-22,Refunded,Online
476,123,51.34,2023-02-27,Completed,Online
477,999,34.65,2020-03-23,Completed,Online
478,65,41.86,2022-05-31,Pending,Card
479,1047,151.27,2022-05-12,Refunded,Cash
480,1687,99.51,2022-03-26,Processing,Cash
481,300,217.41,2022-01-14,Refunded,Cash
482,725,324.81,2024-11-24,Completed,Cash
483,138,135.27,2023-09-25,Completed,Cash
484,527,287.5,2023-11-02,Processing,Online
485,389,164.74,2024-10-21,Refunded,Cash
486,662,88.33,2024-08-08,Refunded,Card
487,1439,152.77,2021-12-12,Refunded,Online
488,1815,494.43,2022-06-13,Completed,Cash
489,838,175.75,2020-11-24,Completed,Card
490,756,518.8,2023-09-09,Completed,Card
491,1761,233.09,2022-08-25,Failed,Online
492,550,500.41,2021-10-04,Refunded,Cash
493,1044,96.6,2022-12-30,Refunded,Card
494,626,127.5,2024-12-31,Pending,Card
495,1554,211.63,2024-06-25,Failed,Online
496,1763,341.74,2022-07-27,Processing,Online
497,1787,298.38,2022-07-03,Failed,Online
498,1261,472.6,2023-10-25,Pending,Cash
499,1074,167.09,2022-05-19,Failed,Cash
500,154,140.16,2023-04-07,Failed,Card
501,294,480.53,2023-09-24,Failed,Card
502,693,85.05,2024-09-20,Refunded,Online
503,1826,50.09,2022-06-19,Pending,Cash
504,1088,345.43,2022-04-30,Processing,Cash
505,530,236.73,2023-08-27,Processing,Online
506,582,213.93,2020-05-17,Refunded,Cash
507,833,102.28,2021-06-16,Refunded,Cash
508,1278,77.48,2021-01-16,Completed,Cash
509,279,351.41,2021-10-09,Failed,Online
510,812,6.37,2021-03-04,Completed,Online
511,1726,391.86,2021-11-23,Pending,Card
512,388,104.52,2022-01-26,Pending,Online
513,1478,128.8,2022-09-08,Failed,Card
514,336,22.68,2020-03-26,Failed,Online
515,1553,36.72,2023-11-17,Failed,Cash
516,91,66,2022-10-06,Failed,Card
517,1828,647.54,2023-07-24,Pending,Card
518,629,61.18,2021-11-06,Completed,Card
519,1270,234.16,2022-11-27,Pending,Online
520,1252,6,2022-08-04,Completed,Online
521,1121,261.36,2020-03-31,Pending,Card
522,1049,140.63,2020-01-27,Refunded,Online
523,1961,211.26,2023-11-01,Completed,Card
524,1036,25.68,2021-12-05,Failed,Cash
525,422,524.48,2023-12-27,Refunded,Card
526,247,79.87,2024-01-12,Refunded,Cash
527,1779,82.98,2021-05-13,Refunded,Card
528,121,399.65,2023-07-15,Refunded,Cash
529,341,372.19,2022-01-21,Refunded,Card
530,1997,148.47,2022-08-29,Pending,Cash
531,1862,194.3,2020-08-18,Failed,Cash
532,403,379.55,2024-01-24,Pending,Online
533,1614,77.88,2022-08-29,Completed,Card
534,1961,211.26,2023-10-31,Refunded,Card
535,449,659.11,2021-12-08,Failed,Online
536,866,88.36,2022-10-28,Failed,Card
537,811,105.5,2020-07-12,Processing,Cash
538,822,523.41,2021-01-06,Completed,Card
539,1925,244.3,2024-04-25,Failed,Card
540,1589,52.42,2021-06-09,Pending,Card
541,209,23.82,2022-09-15,Failed,Online
542,1412,262.7,2024-06-07,Processing,Card
543,1728,10.96,2023-04-04,Refunded,Online
544,1209,513.79,2021-08-30,Pending,Cash
545,1857,242.61,2022-07-03,Pending,Online
546,164,93.31,2024-02-17,Pending,Online
547,1163,372.92,2022-03-07,Refunded,Online
548,1242,72.58,2023-08-14,Completed,Online
549,1278,480.2,2021-01-19,Pending,Card
550,730,468.49,2021-04-23,Pending,Card
551,1862,119.06,2020-08-20,Pending,Online
552,927,409.51,2024-03-01,Pending,Card
553,525,72.96,2024-07-27,Processing,Cash
554,1624,46.92,2020-11-25,Processing,Card
555,1234,85.12,2024-05-27,Processing,Cash
556,19,259.56,2020-09-13,Failed,Card
557,71,104.06,2024-03-12,Pending,Cash
558,1495,7.62,2023-05-14,Completed,Online
559,1361,36.16,2022-12-25,Refunded,Cash
560,1211,63.54,2020-08-24,Completed,Card
561,994,543.24,2022-08-13,Failed,Cash
562,788,173.7,2021-05-24,Completed,Online
563,1435,357.55,2024-01-29,Refunded,Cash
564,775,73.1,2023-03-07,Pending,Card
565,962,35.07,2022-07-27,Completed,Online
566,1892,324.39,2024-04-22,Completed,Online
567,223,286.48,2021-09-20,Pending,Card
568,708,136.34,2020-03-09,Pending,Cash
569,1723,111.47,2023-02-23,Processing,Cash
570,1245,94.19,2021-10-16,Completed,Online
571,852,479.16,2020-08-17,Refunded,Online
572,717,216.65,2021-10-29,Pending,Cash
573,1903,127.71,2022-08-14,Pending,Card
574,1857,242.61,2022-07-04,Failed,Cash
575,193,163.83,2022-01-26,Failed,Online
576,699,5.9,2023-01-17,Pending,Online
577,1555,457.35,2023-05-09,Failed,Card
578,246,102.56,2024-07-07,Pending,Online
579,1072,200.75,2020-03-15,Failed,Cash
580,220,214.78,2024-04-27,Pending,Card
581,1367,143.08,2021-10-11,Pending,Online
582,1207,473.04,2022-11-23,Failed,Online
583,1043,428.15,2023-10-23,Failed,Cash
584,1729,298.93,2024-05-24,Failed,Card
585,1854,199.69,2021-03-17,Failed,Online
586,1613,184.08,2020-08-02,Completed,Online
587,201,155.76,2024-07-02,Failed,Card
588,447,360.6,2021-08-29,Failed,Card
589,1776,131.75,2022-02-19,Processing,Online
590,348,447.7,2021-11-27,Refunded,Cash
591,1839,12,2023-12-06,Refunded,Cash
592,930,433.95,2023-08-25,Processing,Cash
593,1519,287.47,2024-08-24,Processing,Card
594,1430,121.81,2021-04-18,Processing,Card
595,1330,126.56,2020-11-09,Completed,Online
596,1726,391.86,2021-11-24,Completed,Card
597,1040,450.91,2024-09-10,Completed,Cash
598,1160,127.83,2024-12-26,Pending,Online
599,782,49.8,2024-03-01,Refunded,Cash
600,1478,128.8,2022-09-09,Pending,Cash
601,478,133.05,2020-12-07,Completed,Card
602,177,497.73,2020-03-24,Pending,Cash
603,449,659.11,2021-12-10,Refunded,Cash
604,1603,26.43,2022-02-27,Completed,Cash
605,1933,158.05,2020-10-11,Failed,Online
606,146,3.14,2021-09-28,Processing,Card
607,158,2.99,2024-11-15,Processing,Cash
608,677,399.66,2020-04-13,Pending,Cash
609,1540,154.38,2023-12-22,Processing,Card
610,1723,362.13,2023-02-23,Pending,Online
611,930,433.95,2023-08-27,Refunded,Cash
612,759,158.86,2022-10-15,Failed,Card
613,1545,94.95,2022-05-19,Refunded,Cash
614,1682,468.36,2023-04-05,Processing,Online
615,1445,500.05,2020-09-04,Refunded,Online
616,963,202.56,2022-04-13,Failed,Card
617,334,277.92,2022-02-01,Completed,Online
618,554,495.13,2022-10-01,Failed,Online
619,1199,90.58,2020-10-31,Refunded,Card
620,1255,47.65,2022-01-27,Completed,Cash
621,1620,39.14,2022-03-10,Failed,Online
622,161,34.88,2022-03-05,Pending,Online
623,1230,298.61,2022-01-10,Pending,Cash
624,1979,70.17,2023-06-04,Pending,Online
625,870,197.5,2022-02-08,Completed,Cash
626,447,360.6,2021-08-30,Failed,Card
627,1059,177.84,2022-01-14,Completed,Cash
628,1765,500.12,2022-04-27,Processing,Card
629,371,387.97,2024-03-30,Failed,Cash
630,1709,311.07,2023-06-10,Failed,Online
631,1002,306.1,2020-03-19,Pending,Cash
632,945,7.11,2022-04-27,Failed,Card
633,1064,113.65,2021-05-14,Failed,Cash
634,458,176.12,2022-08-08,Failed,Card
635,811,105.5,2020-07-13,Failed,Cash
636,568,115.28,2024-12-07,Failed,Cash
637,1954,58.8,2023-02-18,Completed,Online
638,1163,248.89,2022-03-04,Refunded,Cash
639,1157,58.05,2023-05-09,Refunded,Card
640,1596,313.5,2022-01-28,Pending,Cash
641,1568,208.98,2023-07-17,Completed,Card
642,806,149.39,2023-05-30,Completed,Card
643,776,536.38,2020-09-07,Refunded,Online
644,608,16.3,2020-09-15,Completed,Cash
645,1527,133.5,2022-01-30,Completed,Cash
646,1489,253.54,2022-10-19,Pending,Card
647,1654,88.45,2021-11-09,Refunded,Cash
648,1406,118.4,2020-06-09,Processing,Cash
649,672,376.6,2020-01-14,Completed,Cash
650,1397,290.39,2024-01-15,Processing,Online
651,1253,161.13,2020-06-06,Pending,Online
652,480,291.08,2024-10-29,Pending,Cash
653,1085,326.36,2023-10-18,Failed,Cash
654,368,78.45,2021-04-20,Pending,Card
655,1219,268.57,2023-11-12,Completed,Online
656,456,163.21,2024-01-31,Pending,Online
657,196,247.93,2021-12-08,Failed,Online
658,796,288.54,2020-10-30,Failed,Cash
659,1451,211.46,2023-07-09,Refunded,Card
660,1024,72.15,2023-01-20,Refunded,Card
661,69,192.1,2021-08-28,Refunded,Card
662,596,339.9,2021-03-11,Pending,Cash
663,1987,163.57,2023-05-14,Completed,Card
664,967,158.86,2020-08-24,Refunded,Cash
665,693,85.05,2024-09-20,Processing,Card
666,1640,264.46,2024-05-25,Refunded,Card
667,883,551.58,2021-05-26,Refunded,Card
668,1829,71.41,2021-11-25,Refunded,Card
669,535,220.17,2022-02-17,Refunded,Online
670,1906,107,2021-09-02,Failed,Card
671,1220,251.07,2020-10-26,Failed,Online
672,788,173.7,2021-05-23,Refunded,Card
673,635,78.44,2023-07-02,Processing,Cash
674,1266,321.72,2023-03-26,Completed,Online
675,1638,236.19,2023-10-17,Pending,Card
676,166,271.95,2020-07-10,Completed,Cash
677,1051,383.66,2024-03-10,Pending,Cash
678,728,185.32,2020-10-09,Refunded,Cash
679,161,34.88,2022-03-06,Completed,Card
680,167,257.61,2022-12-15,Failed,Online
681,1481,323.7,2021-07-25,Pending,Online
682,1056,302.64,2024-11-25,Failed,Card
683,679,208.96,2024-02-10,Completed,Card
684,57,57.96,2021-04-26,Failed,Online
685,1664,55.47,2021-09-15,Refunded,Card
686,1186,311.84,2022-09-15,Refunded,Cash
687,1551,353.2,2020-03-16,Pending,Cash
688,1442,396.07,2021-06-20,Failed,Online
689,1471,519.64,2023-01-14,Processing,Online
690,905,97.34,2020-04-07,Completed,Online
691,1368,114.7,2023-11-27,Failed,Online
692,16,305.23,2021-12-31,Completed,Online
693,1621,214.76,2021-05-30,Refunded,Card
694,505,135.45,2020-04-05,Completed,Card
695,1586,94.15,2024-09-18,Failed,Online
696,82,92.64,2023-06-11,Refunded,Online
697,1212,128.5,2020-03-14,Failed,Card
698,544,19.5,2020-05-11,Completed,Cash
699,239,111.93,2020-09-06,Processing,Online
700,640,154.4,2023-11-04,Processing,Card
701,254,8.94,2023-06-14,Completed,Cash
702,105,284.88,2024-04-15,Completed,Cash
703,1336,486.21,2020-07-12,Refunded,Cash
704,1894,268.05,2021-10-02,Processing,Card
705,410,273.06,2020-02-17,Processing,Card
706,1379,270.52,2022-06-19,Refunded,Online
707,883,551.58,2021-05-27,Refunded,Online
708,1992,126.58,2020-12-14,Failed,Cash
709,201,155.76,2024-07-02,Failed,Cash
710,1967,228.76,2022-02-05,Failed,Cash
711,1327,225.38,2020-12-06,Failed,Card
712,1542,119.93,2022-06-11,Failed,Online
713,1283,29.04,2022-04-19,Processing,Cash
714,742,229.47,2020-05-16,Refunded,Cash
715,236,36.12,2022-12-10,Completed,Card
716,1212,128.5,2020-03-13,Completed,Cash
717,1225,340.99,2021-06-01,Pending,Cash
718,416,46.5,2024-06-14,Failed,Online
719,1469,62.64,2023-11-28,Completed,Card
720,1810,257.71,2021-07-19,Refunded,Online
721,1283,29.04,2022-04-19,Refunded,Cash
722,1520,134.4,2021-03-24,Completed,Online
723,791,267.18,2020-11-12,Completed,Card
724,616,365.92,2021-01-19,Failed,Cash
725,238,316.78,2022-10-27,Refunded,Cash
726,434,16.76,2024-04-07,Refunded,Cash
727,1669,428.88,2021-02-27,Processing,Cash
728,365,56.4,2021-08-03,Processing,Card
729,1802,69.42,2023-02-26,Failed,Online
730,1066,540.24,2020-02-27,Refunded,Cash
731,1264,505.82,2022-06-01,Failed,Card
732,1112,259.06,2024-07-18,Pending,Cash
733,792,272.61,2020-03-02,Failed,Card
734,1626,262.64,2024-11-15,Completed,Online
735,267,368.1,2023-02-04,Pending,Cash
736,602,541.86,2022-01-22,Pending,Online
737,971,74.97,2020-03-11,Pending,Online
738,1283,29.04,2022-04-19,Failed,Online
739,811,105.5,2020-07-13,Refunded,Card
740,1211,63.54,2020-08-20,Refunded,Card
741,865,424.7,2022-12-16,Refunded,Card
742,74,191.12,2023-02-06,Processing,Cash
743,786,547.28,2020-10-29,Processing,Cash
744,1431,215.6,2020-10-18,Failed,Online
745,766,495.13,2022-12-21,Refunded,Cash
746,84,224.53,2023-03-07,Pending,Card
747,1726,391.86,2021-11-21,Processing,Card
748,1202,267.66,2024-08-28,Completed,Online
749,1830,466.22,2021-12-24,Failed,Online
750,1578,48.58,2020-05-29,Failed,Card
751,1067,38.93,2020-02-29,Completed,Cash
752,1028,31.92,2024-12-07,Completed,Card
753,1741,177.94,2023-07-04,Refunded,Card
754,433,90.78,2024-11-16,Processing,Cash
755,1324,428.66,2023-04-19,Failed,Cash
756,940,159.13,2024-10-07,Processing,Card
757,921,379.32,2022-07-13,Completed,Card
758,631,744.38,2022-02-21,Failed,Card
759,669,44.2,2021-08-13,Refunded,Cash
760,510,83.1,2020-05-29,Completed,Cash
761,1121,261.36,2020-03-28,Refunded,Online
762,326,162.51,2022-02-06,Completed,Card
763,1397,290.39,2024-01-13,Completed,Cash
764,238,543.65,2022-10-24,Pending,Cash
765,294,202.41,2023-09-27,Pending,Card
766,1889,495.73,2024-07-17,Refunded,Card
767,1500,220.13,2024-01-24,Failed,Cash
768,573,61.84,2023-04-16,Pending,Cash
769,113,205.64,2024-04-18,Completed,Online
770,1327,169.01,2020-12-05,Failed,Card
771,389,89.16,2024-10-25,Failed,Cash
772,1838,174.75,2022-01-27,Processing,Card
773,888,321.94,2022-11-14,Pending,Cash
774,787,70.25,2024-10-08,Failed,Card
775,639,20.8,2024-07-16,Refunded,Cash
776,1354,177.39,2023-10-08,Pending,Card
777,483,269.21,2022-10-19,Processing,Card
778,298,72.39,2023-05-03,Refunded,Cash
779,615,290.94,2020-10-23,Processing,Card
780,66,124.27,2022-02-06,Pending,Online
781,1902,499.25,2022-04-27,Failed,Online
782,401,238.06,2022-06-16,Completed,Online
783,1913,200.16,2023-06-24,Processing,Online
784,953,203.46,2024-09-19,Refunded,Card
785,1034,607.83,2024-06-03,Processing,Card
786,1774,77.85,2022-10-15,Processing,Cash
787,387,302.43,2022-02-13,Failed,Online
788,871,351.06,2021-09-08,Completed,Card
789,548,60.28,2020-06-21,Completed,Online
790,1079,412.31,2020-12-15,Failed,Online
791,704,363.95,2023-08-16,Processing,Cash
792,607,139.68,2022-03-18,Processing,Cash
793,104,51.75,2021-03-23,Completed,Cash
794,1163,168.46,2022-03-04,Refunded,Cash
795,1310,374.5,2023-02-16,Pending,Online
796,409,144.64,2021-05-06,Refunded,Cash
797,1315,521.5,2022-12-07,Failed,Cash
798,1616,52.05,2022-11-06,Completed,Card
799,295,269.55,2021-12-27,Pending,Online
800,965,294.55,2020-08-24,Processing,Card
801,1700,185.01,2022-07-05,Processing,Cash
802,1967,228.76,2022-02-02,Completed,Card
803,941,10.26,2020-03-01,Pending,Card
804,274,205.7,2022-05-15,Completed,Cash
805,37,154.87,2022-07-29,Pending,Cash
806,1306,128.88,2020-11-14,Refunded,Card
807,1420,54.51,2020-03-16,Failed,Online
808,1825,86.02,2020-02-26,Processing,Cash
809,1,60.42,2021-03-05,Processing,Cash
810,1277,474.39,2023-08-26,Processing,Cash
811,1608,10.82,2022-05-10,Failed,Cash
812,1429,12.96,2022-06-11,Processing,Card
813,1575,385.82,2023-09-14,Processing,Online
814,1208,232.33,2024-04-22,Failed,Cash
815,1531,344.11,2023-08-25,Processing,Cash
816,1478,128.8,2022-09-08,Completed,Online
817,1776,131.75,2022-02-20,Processing,Online
818,149,13.59,2020-05-21,Refunded,Card
819,1783,501.41,2021-01-10,Completed,Cash
820,799,120.2,2021-10-11,Failed,Cash
821,1422,396.78,2023-01-15,Failed,Online
822,761,77,2022-12-12,Failed,Cash
823,495,66.56,2020-04-14,Failed,Card
824,949,12.54,2022-03-22,Processing,Cash
825,1873,210.5,2024-02-29,Refunded,Online
826,921,379.32,2022-07-11,Pending,Online
827,1745,82.32,2021-12-16,Completed,Cash
828,576,73.12,2024-06-25,Processing,Online
829,1870,153.66,2021-06-27,Completed,Online
830,441,184.05,2020-09-20,Failed,Online
831,1026,53.2,2023-01-03,Refunded,Card
832,719,116.4,2023-11-16,Failed,Card
833,976,251.8,2020-12-31,Failed,Cash
834,1864,16.45,2020-11-18,Completed,Online
835,1575,325.8,2023-09-12,Processing,Cash
836,1559,406.43,2023-03-09,Failed,Card
837,1143,261.73,2024-11-25,Pending,Online
838,1866,13.72,2022-03-07,Processing,Card
839,1378,139.08,2021-05-26,Completed,Cash
840,1486,160.56,2020-11-21,Failed,Cash
841,531,535.08,2022-05-23,Pending,Cash
842,1880,21.2,2020-10-19,Processing,Cash
843,1224,184.12,2021-12-18,Processing,Cash
844,211,456.31,2021-10-07,Failed,Online
845,195,234.12,2023-03-14,Pending,Online
846,1724,378.36,2020-02-20,Completed,Online
847,1504,55.04,2020-10-27,Pending,Online
848,1331,483.22,2020-01-24,Processing,Cash
849,394,47.75,2022-03-19,Completed,Cash
850,894,402.57,2020-04-27,Pending,Online
851,1644,16.51,2021-01-07,Processing,Card
852,407,329.97,2024-06-16,Pending,Online
853,535,330.33,2022-02-21,Completed,Online
854,1466,243.12,2020-11-18,Processing,Card
855,595,268.8,2022-01-20,Completed,Cash
856,1560,68.38,2024-09-11,Refunded,Online
857,596,339.9,2021-03-12,Completed,Online
858,159,60.36,2021-07-14,Pending,Cash
859,1460,406.5,2023-10-02,Failed,Cash
860,895,259.2,2024-02-14,Failed,Online
861,64,218.01,2023-12-28,Refunded,Cash
862,1048,84.72,2020-07-09,Refunded,Online
863,1932,294.04,2022-12-11,Processing,Cash
864,1433,204.52,2021-02-20,Completed,Card
865,1490,527.82,2024-05-17,Pending,Cash
866,439,134.4,2021-03-30,Pending,Online
867,473,180.26,2023-07-05,Failed,Cash
868,1059,177.84,2022-01-13,Refunded,Online
869,1118,82.35,2020-08-07,Processing,Online
870,108,112.24,2023-09-12,Completed,Cash
871,1803,309.67,2024-09-27,Pending,Cash
872,972,38.64,2023-09-23,Refunded,Cash
873,512,515.72,2020-06-28,Processing,Online
874,1943,162.04,2020-01-19,Processing,Online
875,574,56.5,2020-05-29,Completed,Online
876,1085,326.36,2023-10-18,Pending,Card
877,474,155.04,2023-10-17,Pending,Card
878,1916,306.97,2022-10-13,Failed,Cash
879,642,82.36,2021-01-31,Pending,Cash
880,606,4.71,2020-06-13,Failed,Cash
881,366,384.84,2020-03-06,Completed,Card
882,961,65.45,2024-03-23,Completed,Cash
883,1869,38.88,2024-07-06,Pending,Card
884,1475,535.62,2022-03-27,Failed,Online
885,770,240.1,2020-07-28,Refunded,Online
886,817,487.16,2023-02-20,Refunded,Card
887,532,312.34,2023-04-19,Failed,Cash
888,677,399.66,2020-04-17,Failed,Card
889,1661,39.6,2021-11-20,Processing,Card
890,307,112.91,2023-02-12,Processing,Online
891,478,133.05,2020-12-07,Processing,Cash
892,863,233.62,2024-09-01,Pending,Online
893,575,233.25,2022-12-23,Refunded,Cash
894,459,215.46,2021-02-03,Processing,Card
895,807,45.11,2021-05-16,Refunded,Card
896,3,44,2020-05-21,Pending,Cash
897,1981,176.75,2024-05-22,Failed,Cash
898,977,121.16,2020-09-14,Failed,Card
899,1716,351.84,2020-02-04,Pending,Card
900,602,237.73,2022-01-24,Processing,Online
901,918,157.44,2020-07-08,Processing,Card
902,1543,399.53,2020-06-18,Processing,Card
903,963,364.97,2022-04-10,Failed,Cash
904,1111,234.54,2023-07-29,Refunded,Card
905,533,15.3,2020-08-16,Pending,Card
906,1285,505.49,2021-09-23,Completed,Card
907,802,80.07,2023-03-04,Refunded,Card
908,498,118.48,2021-10-06,Completed,Card
909,437,73.6,2021-10-03,Refunded,Cash
910,527,287.5,2023-11-04,Completed,Cash
911,317,187.15,2023-09-25,Processing,Card
912,139,518.28,2024-11-08,Completed,Cash
913,216,414.02,2023-06-21,Failed,Card
914,653,77.85,2023-04-10,Processing,Cash
915,626,127.5,2025-01-01,Completed,Cash
916,137,308.16,2022-07-30,Failed,Card
917,1881,133.54,2023-07-03,Completed,Card
918,1009,334.27,2020-02-13,Refunded,Cash
919,1202,267.66,2024-08-29,Completed,Card
920,1076,107.54,2022-11-18,Refunded,Cash
921,1480,414.93,2024-07-23,Failed,Cash
922,421,118.28,2023-04-29,Processing,Card
923,780,518.52,2020-09-27,Failed,Cash
924,1466,243.12,2020-11-14,Processing,Card
925,221,377.51,2024-02-25,Pending,Cash
926,1177,60.01,2023-04-07,Completed,Online
927,999,34.65,2020-03-21,Failed,Online
928,1607,207.46,2024-03-31,Pending,Online
929,1603,26.43,2022-02-24,Failed,Card
930,754,15.93,2022-09-16,Failed,Online
931,1561,440.11,2022-08-14,Processing,Card
932,1658,479.93,2024-02-27,Pending,Online
933,706,477.21,2021-02-04,Refunded,Card
934,277,277.81,2024-01-18,Pending,Cash
935,822,311.73,2021-01-03,Processing,Online
936,429,227.88,2020-11-30,Processing,Online
937,1132,196.46,2020-04-18,Pending,Cash
938,152,358.23,2023-03-19,Processing,Online
939,1604,155.71,2022-12-13,Processing,Cash
940,1985,132.29,2022-09-03,Completed,Cash
941,596,339.9,2021-03-10,Completed,Cash
942,490,301.43,2020-01-24,Processing,Cash
943,199,379.59,2020-06-16,Processing,Online
944,864,218.44,2021-02-07,Pending,Online
945,83,504.44,2023-05-21,Processing,Online
946,1509,302.67,2022-05-23,Failed,Online
947,1954,58.8,2023-02-16,Failed,Card
948,566,156.04,2022-09-17,Failed,Online
949,288,20.4,2020-04-06,Pending,Online
950,873,228.07,2021-12-22,Failed,Cash
951,1439,454.78,2021-12-11,Failed,Cash
952,862,218.11,2020-08-15,Failed,Cash
953,958,87.08,2024-05-09,Completed,Online
954,1736,162.96,2020-12-24,Failed,Online
955,1093,341.24,2023-02-10,Refunded,Cash
956,450,282.98,2021-08-03,Processing,Online
957,55,162,2020-04-07,Processing,Card
958,1621,214.76,2021-05-31,Failed,Online
959,1211,63.54,2020-08-20,Completed,Cash
960,1854,418.15,2021-03-19,Failed,Cash
961,565,74.79,2023-05-05,Failed,Cash
962,1552,192.03,2023-03-08,Refunded,Card
963,1027,53.62,2022-08-27,Processing,Online
964,1739,523.61,2021-11-14,Refunded,Online
965,1671,455.85,2020-12-22,Pending,Cash
966,116,59.91,2022-09-19,Processing,Online
967,6,265.42,2024-02-01,Pending,Cash
968,1422,396.78,2023-01-16,Completed,Cash
969,367,266.92,2023-09-06,Refunded,Card
970,1848,481.61,2021-09-28,Refunded,Cash
971,1666,110.5,2021-04-07,Failed,Online
972,628,167.01,2023-03-24,Completed,Cash
973,269,43.12,2024-07-18,Pending,Cash
974,1095,208.86,2021-09-06,Processing,Cash
975,1995,26.88,2024-10-28,Refunded,Online
976,1386,120.1,2023-01-18,Refunded,Card
977,1529,80.45,2024-05-24,Refunded,Cash
978,1999,205.65,2021-08-31,Processing,Card
979,765,144.28,2020-01-13,Completed,Online
980,1852,242.84,2020-03-13,Completed,Online
981,1119,244.53,2023-12-12,Completed,Online
982,838,175.75,2020-11-22,Refunded,Online
983,1347,819.37,2022-02-11,Pending,Cash
984,1134,150,2020-09-11,Processing,Cash
985,64,501.95,2023-12-28,Completed,Cash
986,1943,162.04,2020-01-16,Failed,Cash
987,45,227.76,2021-01-15,Pending,Cash
988,904,159.16,2022-11-02,Failed,Online
989,384,426.88,2022-04-18,Pending,Online
990,1724,489.09,2020-02-22,Completed,Online
991,1032,380.07,2022-06-26,Pending,Online
992,31,80.51,2024-11-02,Refunded,Online
993,1363,145.39,2023-11-05,Processing,Card
994,1577,48.54,2021-11-28,Pending,Card
995,244,395.22,2021-08-16,Pending,Cash
996,438,520.25,2021-04-27,Refunded,Card
997,199,77.77,2020-06-13,Pending,Online
998,243,146.88,2021-12-14,Pending,Card
999,143,447.63,2023-08-20,Processing,Online
1000,1946,249.96,2024-07-25,Failed,Online
1001,629,61.18,2021-11-06,Pending,Cash
1002,17,303.06,2020-10-26,Refunded,Card
1003,1208,492.55,2024-04-25,Completed,Card
1004,1306,299.19,2020-11-14,Pending,Cash
1005,281,271.09,2020-06-25,Processing,Card
1006,783,174.42,2024-06-17,Pending,Cash
1007,1074,167.09,2022-05-23,Pending,Online
1008,781,14.4,2023-04-10,Pending,Cash
1009,1407,88.35,2021-07-04,Processing,Cash
1010,167,76.15,2022-12-14,Completed,Cash
1011,1635,26.04,2020-11-01,Failed,Online
1012,717,342.91,2021-10-29,Processing,Online
1013,207,477.82,2023-01-11,Pending,Cash
1014,690,464.14,2020-01-17,Completed,Card
1015,1061,246.31,2022-12-20,Failed,Cash
1016,1883,118,2022-06-26,Completed,Cash
1017,676,196.46,2023-08-03,Processing,Cash
1018,289,50.35,2024-08-02,Refunded,Card
1019,959,116.26,2020-01-16,Refunded,Online
1020,1063,282.01,2021-05-18,Failed,Cash
1021,99,169.45,2024-01-16,Failed,Cash
1022,172,374.65,2023-10-02,Processing,Online
1023,1772,421.82,2023-11-16,Processing,Card
1024,583,104.19,2021-11-15,Processing,Card
1025,1196,90.78,2023-02-14,Pending,Online
1026,694,60.3,2021-10-03,Processing,Cash
1027,1886,82.6,2021-06-30,Failed,Card
1028,1975,327.38,2023-02-14,Refunded,Cash
1029,1293,13.68,2020-06-18,Pending,Card
1030,1787,298.38,2022-07-02,Refunded,Cash
1031,1079,417.51,2020-12-14,Processing,Card
1032,1540,154.38,2023-12-21,Refunded,Card
1033,375,11.62,2021-05-14,Refunded,Card
1034,1306,76.41,2020-11-12,Completed,Cash
1035,1583,352.26,2020-11-02,Completed,Card
1036,103,383.29,2021-07-08,Completed,Online
1037,1572,292.07,2023-10-05,Processing,Cash
1038,155,458.77,2023-06-16,Pending,Cash
1039,198,521.45,2021-06-27,Failed,Cash
1040,1905,88.53,2022-04-04,Failed,Cash
1041,1308,416.33,2024-02-09,Completed,Card
1042,1118,82.35,2020-08-07,Refunded,Card
1043,1109,87.97,2022-04-11,Processing,Online
1044,1248,26.7,2022-11-29,Pending,Card
1045,1351,544.01,2023-06-04,Refunded,Card
1046,62,191.29,2021-06-08,Processing,Cash
1047,1089,206,2022-12-07,Pending,Card
1048,325,392.36,2023-10-08,Refunded,Online
1049,33,46.02,2023-10-18,Processing,Online
1050,1867,412.53,2024-07-04,Pending,Online
1051,1737,194.76,2022-05-24,Refunded,Card
1052,583,235.77,2021-11-15,Processing,Online
1053,187,170.46,2021-12-24,Completed,Online
1054,1456,209.23,2024-05-29,Pending,Card
1055,46,155.13,2021-12-11,Completed,Cash
1056,706,477.21,2021-02-02,Refunded,Card
1057,516,200.11,2024-03-06,Failed,Card
1058,1124,234.81,2022-07-14,Pending,Online
1059,1668,387.86,2022-04-13,Failed,Online
1060,253,72.92,2021-12-10,Processing,Online
1061,1658,228.95,2024-03-01,Processing,Cash
1062,1359,155.56,2020-07-25,Processing,Online
1063,1363,145.39,2023-11-05,Processing,Online
1064,809,205.31,2020-10-31,Processing,Cash
1065,1529,326.3,2024-05-25,Completed,Online
1066,15,52.19,2021-08-25,Processing,Card
1067,1362,328.5,2022-04-09,Completed,Cash
1068,1281,122.55,2024-03-29,Pending,Cash
1069,1707,154.32,2023-09-17,Refunded,Online
1070,1430,245.64,2021-04-15,Failed,Online
1071,998,363.83,2023-05-31,Failed,Cash
1072,457,314.4,2022-05-07,Refunded,Card
1073,1604,155.71,2022-12-09,Pending,Card
1074,1239,467.02,2021-05-24,Processing,Online
1075,196,349.14,2021-12-10,Processing,Online
1076,387,501.73,2022-02-16,Failed,Cash
1077,1218,207.7,2020-02-15,Completed,Card
1078,1399,323.89,2022-11-12,Refunded,Card
1079,175,95.22,2023-02-05,Completed,Card
1080,441,184.05,2020-09-24,Failed,Card
1081,1655,236.8,2023-01-01,Failed,Cash
1082,1986,199.26,2024-12-12,Failed,Cash
1083,1583,352.26,2020-11-04,Failed,Cash
1084,1723,94.38,2023-02-23,Pending,Cash
1085,1108,172.55,2020-03-27,Processing,Card
1086,256,42.84,2024-01-27,Pending,Online
1087,513,295.81,2020-10-31,Failed,Cash
1088,1493,218.41,2021-07-29,Refunded,Card
1089,1060,456.48,2021-08-10,Refunded,Online
1090,1652,428.19,2023-04-06,Processing,Card
1091,622,206.84,2022-01-19,Pending,Cash
1092,705,367.71,2023-06-22,Failed,Cash
1093,346,18.96,2023-10-11,Refunded,Card
1094,1840,234.52,2024-08-10,Completed,Online
1095,1736,162.96,2020-12-22,Failed,Card
1096,1695,507.18,2023-08-10,Pending,Cash
1097,1188,232.41,2023-05-28,Failed,Card
1098,785,37.94,2023-03-01,Refunded,Cash
1099,850,88.27,2021-09-22,Pending,Online
1100,1395,340.43,2022-12-21,Failed,Online
1101,40,216.77,2023-06-15,Completed,Card
1102,13,16.02,2021-01-04,Failed,Cash
1103,1254,457.09,2024-08-17,Processing,Online
1104,1714,122.1,2023-06-19,Refunded,Cash
1105,927,338.42,2024-03-04,Failed,Cash
1106,1033,268.91,2022-03-30,Failed,Cash
1107,341,372.19,2022-01-22,Refunded,Online
1108,1864,16.45,2020-11-15,Processing,Cash
1109,1077,121.8,2022-11-27,Refunded,Card
1110,746,314.88,2023-02-11,Processing,Cash
1111,1385,42,2024-08-02,Pending,Online
1112,1666,200.83,2021-04-04,Completed,Card
1113,1305,311.35,2021-06-08,Refunded,Online
1114,660,106.51,2021-09-14,Completed,Cash
1115,130,518.85,2021-04-09,Failed,Online
1116,1391,5.13,2020-05-15,Failed,Card
1117,342,279.79,2024-04-02,Refunded,Online
1118,653,77.85,2023-04-12,Processing,Online
1119,1705,180.16,2021-03-24,Refunded,Online
1120,1516,96.03,2020-05-01,Processing,Cash
1121,276,157.4,2020-04-20,Processing,Card
1122,1808,228.09,2023-04-20,Completed,Card
1123,1239,178.88,2021-05-25,Refunded,Cash
1124,197,136.88,2020-07-05,Processing,Card
1125,317,222.39,2023-09-28,Pending,Card
1126,545,549.4,2021-06-14,Processing,Card
1127,1039,41.49,2021-10-09,Failed,Online
1128,1597,441.08,2020-05-04,Completed,Cash
1129,1958,83.4,2022-05-17,Failed,Online
1130,1657,66.6,2023-12-29,Processing,Online
1131,1087,235.54,2023-04-20,Processing,Online
1132,1277,297,2023-08-24,Completed,Cash
1133,1752,7.65,2023-07-14,Pending,Card
1134,1651,60.52,2024-04-06,Pending,Online
1135,325,479.13,2023-10-10,Failed,Cash
1136,496,829.73,2021-11-19,Processing,Online
1137,1668,387.86,2022-04-13,Failed,Card
1138,808,280.64,2023-02-19,Refunded,Online
1139,1899,461.86,2020-07-27,Completed,Cash
1140,792,192.45,2020-03-05,Completed,Cash
1141,1433,204.32,2021-02-23,Failed,Card
1142,1544,469.44,2022-03-22,Completed,Online
1143,700,262,2021-10-05,Refunded,Card
1144,607,139.68,2022-03-20,Pending,Online
1145,1142,78.12,2020-10-29,Processing,Online
1146,782,49.8,2024-03-04,Failed,Cash
1147,481,61.18,2024-09-03,Completed,Online
1148,1238,374.8,2021-03-17,Failed,Card
1149,791,390.85,2020-11-15,Refunded,Card
1150,464,453.2,2020-12-03,Processing,Card
1151,1557,145.02,2024-09-09,Completed,Card
1152,1170,146.89,2020-07-02,Pending,Card
1153,1188,492.44,2023-05-28,Pending,Card
1154,303,10.28,2021-06-02,Completed,Card
1155,1799,405.47,2020-05-08,Pending,Online
1156,1524,86.16,2021-04-27,Failed,Card
1157,1978,13.52,2020-10-02,Failed,Cash
1158,1542,119.93,2022-06-12,Failed,Card
1159,480,186.2,2024-10-28,Pending,Online
1160,1321,241.75,2021-12-09,Processing,Card
1161,1412,262.7,2024-06-08,Completed,Cash
1162,1146,46.49,2020-12-11,Completed,Card
1163,325,352.58,2023-10-11,Completed,Card
1164,1864,16.45,2020-11-17,Processing,Online
1165,1210,61.08,2021-12-01,Pending,Card
1166,1748,179.58,2022-02-11,Processing,Card
1167,1019,124.95,2024-02-01,Pending,Online
1168,1507,322.62,2024-11-19,Failed,Online
1169,1658,540.43,2024-02-26,Completed,Card
1170,1789,673.02,2024-08-04,Failed,Card
1171,632,423.18,2022-04-03,Pending,Online
1172,1943,162.04,2020-01-18,Completed,Online
1173,1423,88.16,2020-07-08,Pending,Online
1174,17,303.06,2020-10-27,Pending,Online
1175,363,152.66,2021-11-25,Failed,Online
1176,661,370.61,2023-07-10,Refunded,Online
1177,1177,60.01,2023-04-05,Pending,Online
1178,622,461.5,2022-01-17,Completed,Card
1179,1750,215.26,2020-02-20,Completed,Online
1180,1731,129,2021-09-04,Pending,Card
1181,1896,136.8,2024-07-26,Failed,Online
1182,777,95.04,2022-01-16,Refunded,Cash
1183,464,453.2,2020-12-02,Processing,Card
1184,1178,165.18,2023-01-11,Failed,Online
1185,1700,128.93,2022-07-06,Processing,Card
1186,1207,368.74,2022-11-19,Failed,Card
1187,1138,148.04,2023-12-09,Refunded,Cash
1188,27,445.25,2024-12-15,Refunded,Cash
1189,1692,505.15,2022-07-17,Failed,Cash
1190,41,238.12,2023-06-21,Refunded,Card
1191,1056,383.58,2024-11-27,Completed,Cash
1192,1080,40.47,2023-05-13,Completed,Cash
1193,1504,55.04,2020-10-25,Failed,Cash
1194,23,373.04,2020-08-18,Completed,Online
1195,1696,84.5,2021-01-26,Pending,Online
1196,719,116.4,2023-11-19,Pending,Card
1197,1455,142.08,2020-08-16,Failed,Card
1198,398,529.52,2021-09-29,Failed,Online
1199,95,20.99,2022-10-02,Refunded,Online
1200,775,526.32,2023-03-07,Processing,Cash
1201,1475,174.45,2022-03-29,Processing,Online
1202,715,620.99,2021-01-10,Refunded,Cash
1203,1084,499.79,2022-12-26,Failed,Card
1204,724,47.28,2021-12-09,Processing,Card
1205,1566,330.83,2024-07-21,Failed,Card
1206,570,472.6,2020-10-20,Refunded,Online
1207,1564,401.75,2021-01-30,Completed,Card
1208,1098,344.6,2023-07-23,Failed,Card
1209,1751,122,2020-06-08,Failed,Card
1210,227,235.6,2024-01-31,Completed,Online
1211,1381,209.79,2020-09-13,Refunded,Online
1212,1887,90.24,2022-07-25,Failed,Card
1213,1693,207.26,2022-03-24,Refunded,Cash
1214,153,115.29,2024-06-19,Pending,Card
1215,1110,48.8,2023-04-15,Failed,Online
1216,456,264.33,2024-02-01,Processing,Cash
1217,147,52.36,2022-07-04,Completed,Card
1218,699,5.9,2023-01-19,Failed,Cash
1219,987,146.34,2024-01-18,Completed,Card
1220,712,285.43,2023-11-17,Processing,Card
1221,253,458.61,2021-12-13,Failed,Card
1222,860,292.35,2021-06-05,Refunded,Cash
1223,800,46,2023-06-18,Completed,Online
1224,50,441.92,2021-12-16,Completed,Card
1225,1412,262.7,2024-06-08,Completed,Card
1226,485,40.65,2023-02-06,Completed,Cash
1227,270,311.93,2021-05-04,Pending,Card
1228,1005,195.4,2021-04-19,Completed,Online
1229,1364,180.63,2021-12-22,Completed,Online
1230,449,659.11,2021-12-11,Pending,Online
1231,172,401.94,2023-09-30,Processing,Cash
1232,1221,320.4,2023-01-11,Failed,Cash
1233,1934,112.86,2022-09-21,Completed,Cash
1234,1472,499.77,2024-11-07,Processing,Online
1235,673,95.71,2020-11-23,Refunded,Online
1236,1542,119.93,2022-06-13,Failed,Card
1237,1933,195.88,2020-10-10,Completed,Cash
1238,982,125.36,2022-02-19,Refunded,Online
1239,1452,135.84,2024-02-01,Failed,Online
1240,482,373.87,2024-02-02,Processing,Card
1241,1326,338.37,2022-05-28,Refunded,Cash
1242,831,157.08,2023-03-24,Failed,Online
1243,909,382.67,2024-04-01,Refunded,Cash
1244,1835,350.82,2020-12-25,Processing,Cash
1245,475,536.19,2024-10-18,Failed,Card
1246,282,108,2021-09-10,Processing,Card
1247,543,422.99,2021-08-03,Completed,Card
1248,1798,214.41,2023-01-27,Refunded,Cash
1249,1015,25.2,2020-09-29,Pending,Cash
1250,1574,74.25,2020-01-08,Refunded,Online
1251,573,145.36,2023-04-14,Pending,Online
1252,1484,471.76,2021-01-02,Refunded,Online
1253,1589,391.98,2021-06-06,Completed,Card
1254,603,223.18,2023-07-03,Refunded,Card
1255,256,42.84,2024-01-25,Completed,Card
1256,24,281.31,2021-04-05,Refunded,Card
1257,31,467.24,2024-11-03,Completed,Online
1258,897,18.06,2023-10-31,Refunded,Online
1259,1500,367.86,2024-01-22,Refunded,Cash
1260,1235,223.6,2022-11-04,Refunded,Cash
1261,731,358.75,2023-07-23,Refunded,Cash
1262,1068,173.61,2020-08-02,Refunded,Online
1263,1047,342.24,2022-05-12,Failed,Cash
1264,1069,121.92,2020-04-08,Processing,Card
1265,940,159.13,2024-10-09,Processing,Cash
1266,752,140.73,2024-01-04,Completed,Cash
1267,1976,425.7,2021-02-06,Failed,Cash
1268,1113,414.12,2021-03-19,Pending,Cash
1269,1316,96.22,2021-09-10,Completed,Online
1270,1361,36.16,2022-12-24,Completed,Cash
1271,755,222.62,2023-10-24,Refunded,Online
1272,1734,208.36,2021-07-29,Pending,Card
1273,1939,417.56,2021-07-06,Completed,Card
1274,539,171.79,2020-01-11,Refunded,Card
1275,299,333.5,2024-03-12,Completed,Card
1276,679,547.55,2024-02-10,Failed,Online
1277,1144,208.23,2022-12-20,Completed,Card
1278,1254,72.58,2024-08-14,Processing,Card
1279,1496,27.54,2020-01-05,Completed,Online
1280,1517,108.99,2024-11-02,Failed,Online
1281,1249,367.21,2021-04-05,Processing,Online
1282,192,483.02,2022-12-08,Failed,Cash
1283,794,142.83,2023-02-26,Processing,Online
1284,841,68.25,2023-11-17,Pending,Online
1285,1716,351.84,2020-02-02,Pending,Cash
1286,1899,354.53,2020-07-26,Refunded,Card
1287,1731,129,2021-09-02,Completed,Cash
1288,544,19.5,2020-05-07,Refunded,Card
1289,1505,422.7,2021-06-20,Failed,Card
1290,1542,119.93,2022-06-13,Processing,Cash
1291,1394,24,2023-07-05,Pending,Online
1292,357,281.96,2022-01-15,Processing,Card
1293,1215,127.72,2021-11-23,Failed,Online
1294,1865,105.12,2024-08-18,Refunded,Card
1295,1953,221.55,2021-10-26,Failed,Online
1296,230,19.57,2024-11-11,Pending,Cash
1297,657,292.17,2023-02-04,Completed,Card
1298,159,77.85,2021-07-13,Processing,Online
1299,1089,206,2022-12-11,Failed,Online
1300,969,60.04,2020-11-26,Processing,Cash
1301,1252,6,2022-07-31,Refunded,Cash
1302,1788,30.66,2023-11-04,Pending,Card
1303,1811,103.79,2021-03-16,Processing,Card
1304,1423,88.16,2020-07-07,Completed,Cash
1305,1968,336.37,2020-07-10,Completed,Cash
1306,1886,82.6,2021-06-29,Failed,Cash
1307,1098,344.6,2023-07-24,Failed,Online
1308,821,197.51,2022-01-24,Completed,Online
1309,1312,16.92,2021-05-21,Pending,Online
1310,429,227.88,2020-11-27,Completed,Online
1311,1863,180.81,2024-12-23,Completed,Online
1312,200,113.18,2021-11-24,Failed,Card
1313,1142,78.12,2020-11-01,Failed,Online
1314,958,87.08,2024-05-07,Completed,Online
1315,157,140.56,2024-08-07,Pending,Cash
1316,1267,2.2,2021-11-17,Completed,Cash
1317,53,123.25,2021-11-20,Completed,Cash
1318,1036,25.68,2021-12-06,Failed,Online
1319,458,176.12,2022-08-08,Refunded,Online
1320,345,358.75,2021-02-11,Refunded,Online
1321,824,221.2,2020-04-16,Pending,Online
1322,1545,295.64,2022-05-17,Completed,Card
1323,1219,268.57,2023-11-15,Refunded,Card
1324,678,157.43,2020-12-04,Processing,Card
1325,1791,74.1,2023-04-21,Completed,Card
1326,560,505.95,2024-12-02,Refunded,Card
1327,667,218.06,2022-03-21,Processing,Card
1328,532,113.01,2023-04-20,Processing,Cash
1329,671,101.64,2022-08-30,Processing,Cash
1330,752,130.23,2024-01-02,Pending,Cash
1331,746,61.4,2023-02-08,Processing,Online
1332,821,427.47,2022-01-25,Completed,Online
1333,90,473.87,2022-04-24,Refunded,Card
1334,452,237.3,2024-05-20,Processing,Card
1335,572,22.75,2023-04-06,Completed,Card
1336,679,538.1,2024-02-13,Processing,Cash
1337,1952,405.4,2023-03-08,Completed,Online
1338,1747,56.53,2024-12-03,Failed,Online
1339,1554,158.08,2024-06-29,Pending,Cash
1340,1830,115.12,2021-12-25,Processing,Cash
1341,168,226.23,2022-06-08,Failed,Card
1342,1287,14.72,2024-10-26,Pending,Card
1343,286,43.2,2023-03-26,Refunded,Cash
1344,1012,217.16,2021-09-29,Processing,Cash
1345,1743,491.75,2022-07-31,Pending,Cash
1346,1603,26.43,2022-02-27,Completed,Cash
1347,1573,92.4,2021-11-28,Pending,Card
1348,495,240.57,2020-04-16,Pending,Card
1349,1936,161.91,2023-03-16,Pending,Cash
1350,1723,527.32,2023-02-23,Pending,Online
1351,157,140.56,2024-08-06,Completed,Cash
1352,1914,257.07,2021-06-30,Refunded,Card
1353,1790,232.61,2024-11-29,Pending,Online
1354,1849,70.89,2021-06-25,Failed,Card
1355,1780,487.96,2022-04-12,Refunded,Cash
1356,1286,38.4,2022-09-23,Failed,Card
1357,1620,39.14,2022-03-10,Processing,Cash
1358,58,391.14,2021-08-08,Failed,Cash
1359,372,405.63,2024-02-11,Processing,Card
1360,1568,208.98,2023-07-17,Processing,Cash
1361,1418,457.82,2021-05-15,Processing,Online
1362,1931,282.24,2023-01-16,Refunded,Online
1363,1806,317.51,2023-10-04,Pending,Cash
1364,1690,327.32,2024-05-09,Completed,Cash
1365,1344,65.54,2020-05-23,Completed,Cash
1366,1640,360.75,2024-05-25,Pending,Cash
1367,237,68.44,2021-11-09,Pending,Card
1368,1516,96.03,2020-05-04,Processing,Card
1369,1887,90.24,2022-07-22,Processing,Card
1370,1195,65.17,2020-08-16,Completed,Cash
1371,1971,189.16,2022-08-01,Processing,Card
1372,183,511.48,2024-08-01,Processing,Online
1373,1088,345.43,2022-05-03,Failed,Card
1374,268,262.56,2023-11-13,Refunded,Card
1375,665,301.24,2023-02-07,Pending,Cash
1376,1731,129,2021-09-06,Processing,Online
1377,1601,74.96,2020-09-12,Processing,Online
1378,453,53.54,2024-05-28,Failed,Online
1379,53,123.25,2021-11-17,Refunded,Cash
1380,1829,71.41,2021-11-26,Failed,Online
1381,58,121.85,2021-08-06,Failed,Card
1382,1588,537.56,2023-02-18,Completed,Card
1383,177,335.82,2020-03-21,Processing,Cash
1384,646,104.06,2021-01-30,Pending,Cash
1385,48,174.56,2024-02-02,Completed,Card
1386,600,68.48,2022-02-24,Failed,Card
1387,584,522.83,2021-05-28,Pending,Cash
1388,1658,315.22,2024-02-26,Completed,Cash
1389,535,81.63,2022-02-17,Pending,Cash
1390,815,135.18,2020-01-18,Refunded,Online
1391,1650,370.71,2022-12-08,Processing,Card
1392,856,462.06,2020-09-08,Pending,Cash
1393,1553,36.72,2023-11-15,Refunded,Online
1394,749,42.25,2020-07-18,Refunded,Cash
1395,986,18.24,2023-08-03,Completed,Cash
1396,138,545.17,2023-09-26,Refunded,Card
1397,644,517.4,2020-10-17,Refunded,Online
1398,1379,270.52,2022-06-19,Completed,Card
1399,1464,67.32,2023-09-29,Completed,Online
1400,403,388.83,2024-01-21,Processing,Online
1401,116,378.34,2022-09-18,Refunded,Online
1402,1143,261.73,2024-11-26,Refunded,Card
1403,666,199.88,2022-09-22,Completed,Cash
1404,1572,409.26,2023-10-06,Refunded,Card
1405,1327,406.65,2020-12-03,Refunded,Card
1406,618,81.9,2020-06-25,Processing,Card
1407,134,38.78,2022-02-22,Completed,Online
1408,1385,42,2024-07-30,Failed,Online
1409,1397,290.39,2024-01-14,Pending,Online
1410,1181,613.73,2020-02-17,Refunded,Cash
1411,1290,331.47,2024-10-30,Refunded,Card
1412,774,31.11,2020-11-05,Failed,Card
1413,1262,167.54,2020-11-03,Processing,Online
1414,1410,482.38,2021-10-08,Refunded,Card
1415,964,293.28,2020-04-05,Refunded,Cash
1416,685,126.6,2024-01-07,Refunded,Card
1417,1649,33.92,2020-07-20,Failed,Cash
1418,1171,58.05,2021-01-15,Completed,Card
1419,291,177.12,2023-12-22,Pending,Cash
1420,1388,264.61,2024-04-25,Failed,Cash
1421,17,303.06,2020-10-28,Refunded,Online
1422,985,189.95,2021-09-18,Completed,Cash
1423,984,331.78,2023-03-31,Processing,Online
1424,658,283.95,2023-01-27,Failed,Online
1425,1955,825.47,2020-12-13,Refunded,Online
1426,1710,156.51,2024-06-13,Refunded,Online
1427,1673,3.16,2023-09-02,Processing,Card
1428,850,312.16,2021-09-23,Processing,Card
1429,427,70.96,2022-05-06,Completed,Card
1430,1041,113.05,2021-10-02,Pending,Cash
1431,316,318.47,2020-06-04,Pending,Online
1432,5,181.68,2023-08-12,Processing,Cash
1433,1067,38.93,2020-03-01,Pending,Card
1434,1854,511.74,2021-03-20,Refunded,Cash
1435,939,159.21,2020-06-21,Completed,Online
1436,225,117.63,2023-11-14,Completed,Online
1437,52,23.4,2022-07-13,Pending,Online
1438,621,90.24,2024-10-04,Pending,Online
1439,319,351.56,2021-12-16,Failed,Cash
1440,1530,339.34,2022-10-06,Pending,Cash
1441,1756,337.14,2024-05-08,Completed,Online
1442,1602,196.46,2023-03-23,Failed,Online
1443,325,172.33,2023-10-08,Failed,Cash
1444,829,25.2,2022-09-28,Completed,Cash
1445,117,288.75,2022-10-18,Failed,Online
1446,850,200.74,2021-09-23,Pending,Card
1447,617,173.29,2024-11-21,Pending,Online
1448,194,481.49,2021-04-26,Completed,Cash
1449,1166,160.85,2020-03-20,Pending,Cash
1450,687,536.97,2021-03-09,Completed,Card
1451,31,458.56,2024-11-04,Completed,Card
1452,1638,478.5,2023-10-17,Completed,Cash
1453,1237,316.46,2020-07-07,Refunded,Cash
1454,1528,410.41,2024-10-11,Completed,Card
1455,1568,208.98,2023-07-18,Refunded,Cash
1456,1184,149.97,2024-08-18,Refunded,Online
1457,517,290.43,2021-07-06,Failed,Cash
1458,594,321.21,2022-12-11,Refunded,Cash
1459,1396,247.36,2023-03-06,Refunded,Card
1460,890,77.49,2022-08-25,Refunded,Card
1461,819,146.47,2024-02-12,Completed,Online
1462,441,184.05,2020-09-24,Processing,Card
1463,1480,414.93,2024-07-24,Processing,Card
1464,1400,101.16,2020-12-19,Refunded,Cash
1465,842,6.32,2024-11-13,Failed,Online
1466,1172,157,2020-04-17,Pending,Online
1467,443,218.64,2023-02-09,Pending,Cash
1468,300,217.41,2022-01-11,Completed,Cash
1469,990,209.33,2023-04-25,Failed,Cash
1470,217,379.2,2024-01-27,Completed,Online
1471,469,275.31,2020-11-17,Pending,Online
1472,1928,626.21,2024-06-20,Processing,Card
1473,462,44.7,2020-03-29,Failed,Cash
1474,1675,193.01,2023-09-21,Failed,Card
1475,1873,210.5,2024-02-26,Completed,Cash
1476,1391,5.13,2020-05-12,Refunded,Card
1477,401,238.06,2022-06-14,Pending,Online
1478,1621,214.76,2021-05-30,Processing,Online
1479,847,135.86,2020-02-01,Completed,Card
1480,1992,126.58,2020-12-15,Pending,Card
1481,1237,261.5,2020-07-08,Completed,Card
1482,937,82.64,2022-01-19,Completed,Online
1483,281,271.09,2020-06-28,Pending,Cash
1484,1553,36.72,2023-11-16,Pending,Online
1485,939,159.21,2020-06-20,Processing,Online
1486,1341,376.18,2024-09-24,Failed,Online
1487,817,122.13,2023-02-22,Refunded,Card
1488,543,332.66,2021-08-05,Failed,Online
1489,618,81.9,2020-06-24,Processing,Cash
1490,560,384.33,2024-12-01,Failed,Online
1491,1964,263.95,2020-10-30,Pending,Online
1492,482,131.93,2024-01-29,Completed,Online
1493,787,56.08,2024-10-06,Processing,Card
1494,813,419.97,2022-11-21,Refunded,Cash
1495,479,114.15,2022-05-04,Refunded,Card
1496,939,159.21,2020-06-20,Pending,Cash
1497,498,256.43,2021-10-05,Failed,Card
1498,1082,253.03,2020-02-23,Refunded,Card
1499,467,149.82,2022-12-10,Pending,Card
1500,1822,214.97,2023-06-23,Processing,Card
1501,1132,196.46,2020-04-15,Completed,Card
1502,681,509.07,2020-05-29,Refunded,Online
1503,134,38.78,2022-02-24,Completed,Card
1504,183,511.48,2024-07-30,Failed,Card
1505,1675,493.47,2023-09-21,Processing,Card
1506,1388,264.61,2024-04-27,Processing,Card
1507,463,38.72,2023-05-25,Completed,Online
1508,403,456.05,2024-01-20,Failed,Online
1509,1277,240.82,2023-08-26,Refunded,Card
1510,1943,162.04,2020-01-20,Processing,Card
1511,342,279.79,2024-03-30,Processing,Online
1512,748,247.56,2024-02-01,Refunded,Online
1513,657,292.17,2023-02-05,Refunded,Card
1514,109,74.49,2021-05-14,Failed,Cash
1515,1671,487.6,2020-12-22,Pending,Online
1516,274,205.7,2022-05-16,Processing,Online
1517,731,358.75,2023-07-24,Refunded,Online
1518,3,44,2020-05-23,Failed,Card
1519,807,45.11,2021-05-19,Processing,Cash
1520,308,118.91,2022-03-20,Failed,Online
1521,227,235.6,2024-01-29,Completed,Card
1522,1555,476.58,2023-05-12,Failed,Online
1523,113,205.64,2024-04-19,Processing,Cash
1524,3,44,2020-05-20,Completed,Cash
1525,1526,381.83,2024-10-12,Processing,Card
1526,1508,247.18,2024-02-09,Pending,Card
1527,1035,492.3,2020-03-13,Completed,Card
1528,1701,394.68,2021-09-15,Completed,Cash
1529,1721,80.97,2024-09-30,Refunded,Card
1530,1389,16.94,2020-11-08,Failed,Card
1531,1563,55.89,2023-03-09,Pending,Cash
1532,1940,31.68,2021-06-08,Processing,Card
1533,210,206.57,2022-11-01,Completed,Card
1534,687,304.61,2021-03-08,Failed,Online
1535,1637,60.7,2023-05-17,Failed,Card
1536,969,60.04,2020-11-27,Processing,Online
1537,1137,293.21,2023-08-30,Pending,Online
1538,1565,117.18,2020-12-04,Pending,Cash
1539,1764,459.36,2021-08-23,Pending,Online
1540,1557,442.67,2024-09-10,Failed,Cash
1541,1312,16.92,2021-05-24,Pending,Cash
1542,454,250.32,2022-12-01,Failed,Cash
1543,745,488.84,2023-02-11,Refunded,Card
1544,118,712.38,2023-08-29,Refunded,Online
1545,271,305,2023-05-14,Processing,Cash
1546,147,52.36,2022-07-04,Failed,Cash
1547,458,176.12,2022-08-10,Completed,Card
1548,1309,145.92,2020-07-19,Completed,Cash
1549,1551,273.61,2020-03-15,Processing,Cash
1550,675,115.19,2021-11-11,Failed,Card
1551,1422,396.78,2023-01-16,Processing,Card
1552,100,146.75,2024-08-02,Failed,Online
1553,197,136.88,2020-07-06,Failed,Cash
1554,1048,84.72,2020-07-09,Processing,Online
1555,1982,101.32,2023-07-06,Processing,Cash
1556,539,171.79,2020-01-08,Completed,Cash
1557,248,225.27,2020-05-16,Pending,Card
1558,499,340.12,2023-04-22,Pending,Cash
1559,316,403.14,2020-06-04,Refunded,Cash
1560,1106,110.88,2022-09-18,Pending,Cash
1561,1324,464.36,2023-04-17,Pending,Online
1562,1955,825.47,2020-12-12,Completed,Cash
1563,1414,372.87,2023-07-18,Completed,Online
1564,385,474.32,2022-08-07,Processing,Online
1565,1966,287.27,2020-07-18,Refunded,Cash
1566,1547,125.28,2020-06-29,Refunded,Cash
1567,500,140.37,2024-07-09,Processing,Card
1568,1638,406.92,2023-10-19,Pending,Cash
1569,895,425.11,2024-02-14,Completed,Online
1570,1904,162.24,2023-06-28,Failed,Online
1571,14,17.25,2023-01-13,Pending,Card
1572,1747,437.08,2024-12-02,Completed,Cash
1573,13,16.02,2021-01-04,Failed,Online
1574,871,330.44,2021-09-04,Pending,Card
1575,103,236.79,2021-07-06,Failed,Online
1576,1285,368.44,2021-09-20,Completed,Online
1577,1906,107,2021-09-02,Processing,Card
1578,1408,385.6,2021-02-19,Failed,Cash
1579,512,429.31,2020-07-01,Failed,Cash
1580,643,163.2,2021-01-21,Completed,Card
1581,132,8.78,2021-05-17,Completed,Card
1582,1548,198.99,2024-03-09,Failed,Card
1583,384,460.12,2022-04-19,Failed,Cash
1584,1894,268.05,2021-10-04,Processing,Online
1585,881,291.52,2021-06-24,Processing,Cash
1586,901,539.72,2022-09-26,Failed,Card
1587,1426,38.28,2022-12-11,Processing,Card
1588,116,143.01,2022-09-19,Completed,Cash
1589,16,305.23,2021-12-31,Pending,Cash
1590,1109,87.97,2022-04-11,Failed,Online
1591,1308,458.59,2024-02-09,Completed,Card
1592,81,248.55,2024-06-18,Refunded,Card
1593,433,90.78,2024-11-16,Processing,Online
1594,677,399.66,2020-04-13,Failed,Online
1595,768,394.29,2020-04-09,Failed,Card
1596,4,243.3,2024-12-15,Pending,Cash
1597,871,126.09,2021-09-07,Refunded,Cash
1598,719,116.4,2023-11-17,Refunded,Card
1599,620,69.6,2024-01-16,Completed,Cash
1600,317,209.51,2023-09-26,Completed,Card
1601,1275,65.04,2021-06-13,Refunded,Online
1602,1331,483.22,2020-01-25,Failed,Card
1603,620,69.6,2024-01-20,Pending,Online
1604,1124,234.81,2022-07-16,Refunded,Cash
1605,1163,333.28,2022-03-07,Processing,Cash
1606,1824,492.03,2020-04-20,Pending,Card
1607,806,149.39,2023-05-31,Refunded,Card
1608,926,452.26,2021-03-26,Refunded,Online
1609,144,424.2,2022-09-25,Failed,Card
1610,1575,307.08,2023-09-14,Refunded,Card
1611,390,101.01,2020-08-01,Pending,Online
1612,168,226.23,2022-06-09,Processing,Online
1613,1187,167.5,2023-03-06,Completed,Card
1614,1910,312.8,2024-07-14,Processing,Online
1615,832,271.78,2023-08-25,Processing,Card
1616,1280,10.57,2021-04-19,Processing,Card
1617,1996,121.45,2022-05-12,Failed,Card
1618,1838,174.75,2022-01-27,Completed,Online
1619,1699,66.62,2024-07-10,Pending,Cash
1620,402,230.96,2021-08-28,Failed,Online
1621,1524,86.16,2021-04-28,Refunded,Online
1622,1906,107,2021-09-05,Failed,Cash
1623,682,277.33,2024-11-25,Processing,Card
1624,1428,86.68,2020-07-24,Completed,Online
1625,1166,274.08,2020-03-20,Completed,Cash
1626,695,71.43,2021-06-05,Completed,Cash
1627,1801,89.67,2021-09-03,Failed,Online
1628,1038,406.82,2024-09-20,Refunded,Online
1629,977,280.76,2020-09-10,Completed,Card
1630,1406,118.4,2020-06-06,Pending,Card
1631,1387,73.69,2020-12-24,Processing,Cash
1632,761,77,2022-12-09,Completed,Cash
1633,1151,12.57,2024-07-13,Refunded,Card
1634,312,40.32,2024-05-21,Failed,Card
1635,186,114.15,2021-07-16,Processing,Card
1636,521,54.96,2024-11-18,Failed,Online
1637,549,99.18,2024-05-20,Completed,Cash
1638,1308,473.17,2024-02-09,Processing,Online
1639,580,51.48,2024-03-19,Pending,Cash
1640,776,194.43,2020-09-08,Failed,Card
1641,1332,114.48,2021-11-23,Pending,Online
1642,1841,65.01,2020-04-19,Pending,Card
1643,1809,397.89,2020-10-17,Completed,Cash
1644,1527,133.5,2022-01-30,Processing,Online
1645,1423,88.16,2020-07-06,Refunded,Card
1646,1120,506.4,2022-12-29,Completed,Cash
1647,1429,12.96,2022-06-08,Pending,Card
1648,1385,42,2024-08-01,Failed,Card
1649,1067,38.93,2020-03-02,Completed,Card
1650,704,363.95,2023-08-16,Pending,Cash
1651,1124,234.81,2022-07-15,Processing,Online
1652,228,63,2023-05-14,Processing,Card
1653,560,357.04,2024-12-03,Processing,Online
1654,707,500.74,2022-06-24,Pending,Cash
1655,1831,511.53,2020-07-24,Failed,Card
1656,1646,65.36,2023-01-14,Refunded,Online
1657,220,533.21,2024-04-24,Completed,Cash
1658,919,689.29,2020-12-21,Processing,Online
1659,748,247.56,2024-01-31,Processing,Card
1660,628,220.05,2023-03-27,Completed,Online
1661,119,505.22,2022-08-13,Completed,Online
1662,1517,158.06,2024-11-03,Processing,Online
1663,319,342.47,2021-12-16,Pending,Cash
1664,494,482.82,2022-11-27,Processing,Card
1665,1288,251.28,2020-07-20,Completed,Online
1666,801,121.6,2023-08-06,Completed,Card
1667,1038,372.33,2024-09-21,Failed,Card
1668,1080,40.47,2023-05-13,Refunded,Cash
1669,1296,237.9,2022-05-13,Completed,Online
1670,190,33.22,2022-07-10,Processing,Online
1671,1,60.42,2021-03-05,Failed,Cash
1672,659,484.23,2023-08-15,Completed,Cash
1673,1686,237.48,2020-02-15,Failed,Card
1674,1847,383,2021-12-24,Pending,Card
1675,1940,31.68,2021-06-10,Refunded,Online
1676,1329,67.91,2020-11-06,Pending,Card
1677,614,74.58,2021-10-04,Completed,Cash
1678,1794,14.68,2024-02-23,Failed,Online
1679,1353,315.39,2020-07-16,Completed,Card
1680,604,37.92,2021-08-18,Processing,Online
1681,591,430.92,2020-08-20,Pending,Cash
1682,1902,526.5,2022-04-24,Processing,Cash
1683,565,74.79,2023-05-04,Refunded,Online
1684,483,269.21,2022-10-20,Refunded,Card
1685,1328,41.04,2020-04-21,Pending,Online
1686,602,429.45,2022-01-24,Processing,Cash
1687,140,1.63,2022-12-18,Failed,Card
1688,488,206.04,2024-12-04,Failed,Cash
1689,1575,191.11,2023-09-13,Processing,Card
1690,1053,367.51,2022-02-27,Failed,Online
1691,1338,213.76,2020-08-05,Refunded,Card
1692,457,314.4,2022-05-05,Pending,Card
1693,940,159.13,2024-10-07,Processing,Online
1694,11,407.94,2023-07-12,Failed,Online
1695,1326,539.84,2022-05-30,Completed,Card
1696,401,238.06,2022-06-15,Completed,Card
1697,709,59.1,2021-09-19,Failed,Card
1698,1963,138.15,2020-11-15,Processing,Online
1699,1374,252.45,2024-05-27,Refunded,Cash
1700,1456,209.23,2024-05-26,Pending,Card
1701,338,236,2022-02-21,Processing,Card
1702,1589,101.33,2021-06-07,Completed,Card
1703,939,159.21,2020-06-22,Refunded,Online
1704,1022,186.54,2022-09-17,Completed,Card
1705,1285,350.87,2021-09-24,Refunded,Cash
1706,207,89.91,2023-01-10,Failed,Card
1707,898,272.23,2023-02-06,Refunded,Online
1708,137,83.71,2022-07-31,Processing,Online
1709,566,156.04,2022-09-14,Refunded,Online
1710,623,36.54,2020-01-30,Refunded,Online
1711,173,233.16,2023-09-06,Processing,Online
1712,1994,233.58,2023-05-27,Processing,Cash
1713,1410,504.59,2021-10-07,Completed,Cash
1714,571,232.88,2024-06-30,Processing,Online
1715,1535,473.16,2023-11-20,Completed,Online
1716,793,126.57,2022-08-29,Pending,Card
1717,681,256.11,2020-05-31,Refunded,Card
1718,925,74.19,2023-02-04,Processing,Cash
1719,1283,29.04,2022-04-18,Refunded,Card
1720,140,1.63,2022-12-16,Failed,Online
1721,476,232.64,2021-12-13,Processing,Online
1722,1770,149.49,2020-10-09,Refunded,Cash
1723,1329,401.76,2020-11-02,Failed,Card
1724,993,158.29,2023-10-06,Processing,Card
1725,11,407.94,2023-07-08,Pending,Card
1726,995,204.33,2023-07-26,Processing,Cash
1727,1916,306.97,2022-10-14,Pending,Card
1728,1844,123.9,2020-03-29,Failed,Online
1729,550,87.31,2021-10-05,Pending,Online
1730,297,525.78,2023-03-24,Refunded,Cash
1731,968,158.78,2023-06-26,Refunded,Cash
1732,1975,122.8,2023-02-12,Processing,Card
1733,1383,81.6,2021-12-11,Processing,Cash
1734,1180,100.44,2023-07-16,Failed,Card
1735,1586,94.15,2024-09-17,Processing,Online
1736,1276,134.75,2023-08-31,Processing,Online
1737,1677,46,2021-12-12,Completed,Card
1738,1157,58.05,2023-05-09,Completed,Cash
1739,726,459.48,2023-09-19,Completed,Online
1740,469,275.31,2020-11-21,Completed,Card
1741,59,523.61,2021-01-14,Failed,Cash
1742,1160,287.21,2024-12-30,Processing,Cash
1743,469,275.31,2020-11-21,Failed,Online
1744,1051,246.54,2024-03-09,Refunded,Card
1745,634,141.2,2024-02-13,Refunded,Cash
1746,1713,280.5,2024-06-01,Failed,Cash
1747,1338,439.86,2020-08-05,Completed,Card
1748,836,83.7,2022-07-06,Completed,Card
1749,1021,351.5,2022-01-12,Failed,Online
1750,248,462.63,2020-05-16,Processing,Online
1751,1884,125.94,2024-04-03,Processing,Cash
1752,1412,262.7,2024-06-09,Refunded,Card
1753,12,77.32,2024-12-15,Processing,Online
1754,1273,169.86,2024-05-03,Pending,Online
1755,981,360.46,2021-04-13,Processing,Cash
1756,1425,57.78,2022-09-15,Processing,Cash
1757,508,77.57,2021-04-12,Refunded,Online
1758,732,354.31,2020-02-04,Processing,Online
1759,1986,199.26,2024-12-11,Processing,Online
1760,906,226.85,2024-04-26,Refunded,Cash
1761,1963,138.15,2020-11-15,Pending,Card
1762,945,7.11,2022-04-27,Pending,Card
1763,102,316.67,2023-10-17,Completed,Online
1764,1836,528.34,2020-07-06,Pending,Cash
1765,1690,327.32,2024-05-11,Processing,Cash
1766,253,346.62,2021-12-10,Processing,Online
1767,247,79.87,2024-01-11,Completed,Card
1768,972,38.64,2023-09-25,Pending,Card
1769,90,203.92,2022-04-26,Completed,Online
1770,1897,59.04,2020-04-01,Failed,Card
1771,1180,100.44,2023-07-17,Pending,Online
1772,1496,27.54,2020-01-05,Failed,Online
1773,1239,465.2,2021-05-28,Refunded,Cash
1774,457,314.4,2022-05-07,Completed,Card
1775,1089,206,2022-12-08,Refunded,Cash
1776,428,449.8,2020-09-17,Processing,Online
1777,1660,376.78,2022-10-27,Failed,Cash
1778,1652,142.38,2023-04-05,Refunded,Card
1779,1670,126.96,2023-01-03,Failed,Cash
1780,1574,74.25,2020-01-07,Pending,Online
1781,1534,250.43,2023-07-31,Processing,Card
1782,633,491.25,2022-05-20,Failed,Cash
1783,546,33.44,2023-10-30,Refunded,Card
1784,1635,26.04,2020-11-03,Pending,Card
1785,710,511.2,2024-12-28,Completed,Online
1786,1409,180.96,2020-08-15,Pending,Card
1787,694,60.3,2021-10-04,Completed,Cash
1788,53,123.25,2021-11-19,Failed,Card
1789,428,392.65,2020-09-18,Pending,Online
1790,1959,133.44,2023-01-22,Processing,Online
1791,1354,177.39,2023-10-09,Completed,Card
1792,836,382.85,2022-07-07,Completed,Card
1793,1093,341.24,2023-02-10,Completed,Card
1794,1105,506.17,2024-04-17,Pending,Card
1795,1300,341.54,2023-08-07,Refunded,Card
1796,104,51.75,2021-03-24,Processing,Cash
1797,1446,79.55,2024-11-30,Processing,Card
1798,1629,171.75,2020-12-08,Pending,Cash
1799,25,28.64,2024-09-02,Completed,Card
1800,629,61.18,2021-11-05,Completed,Online
1801,1273,169.86,2024-05-06,Failed,Cash
1802,1122,101.68,2020-12-03,Processing,Online
1803,920,91.91,2024-04-23,Processing,Online
1804,1889,527.89,2024-07-18,Refunded,Cash
1805,111,136.96,2020-04-28,Completed,Online
1806,1026,53.2,2023-01-01,Failed,Cash
1807,1851,442.31,2020-07-16,Completed,Cash
1808,259,133.8,2021-01-20,Failed,Card
1809,1806,50.72,2023-10-01,Pending,Online
1810,47,132.11,2023-01-16,Failed,Online
1811,1429,12.96,2022-06-11,Pending,Card
1812,1589,407.78,2021-06-08,Processing,Online
1813,766,505.66,2022-12-21,Completed,Cash
1814,322,657.33,2023-03-07,Completed,Cash
1815,222,247.11,2022-06-02,Refunded,Cash
1816,512,71.56,2020-07-01,Pending,Card
1817,616,365.92,2021-01-15,Completed,Online
1818,628,310.27,2023-03-26,Failed,Cash
1819,451,358.62,2024-02-14,Refunded,Cash
1820,1826,50.09,2022-06-23,Processing,Cash
1821,837,100.05,2022-03-26,Refunded,Cash
1822,355,235.5,2021-05-21,Failed,Card
1823,788,173.7,2021-05-23,Failed,Online
1824,1324,115.33,2023-04-15,Processing,Online
1825,387,421.49,2022-02-14,Completed,Online
1826,553,479.16,2022-02-20,Completed,Online
1827,1014,398.24,2022-07-03,Completed,Cash
1828,1008,22,2022-08-07,Failed,Cash
1829,699,5.9,2023-01-15,Failed,Online
1830,357,281.96,2022-01-15,Processing,Cash
1831,104,51.75,2021-03-21,Failed,Online
1832,787,170.4,2024-10-07,Completed,Cash
1833,807,45.11,2021-05-20,Failed,Card
1834,1324,187.37,2023-04-19,Pending,Online
1835,495,371.81,2020-04-14,Refunded,Cash
1836,193,163.83,2022-01-28,Completed,Card
1837,1410,248.4,2021-10-10,Completed,Card
1838,808,280.64,2023-02-19,Completed,Card
1839,347,59.76,2024-04-27,Pending,Card
1840,65,41.86,2022-05-28,Processing,Card
1841,1715,13.26,2024-09-02,Processing,Card
1842,133,62.35,2023-08-29,Refunded,Card
1843,951,51.8,2024-02-29,Pending,Card
1844,1750,215.26,2020-02-18,Processing,Cash
1845,429,227.88,2020-11-26,Completed,Cash
1846,602,206.84,2022-01-22,Processing,Cash
1847,109,74.49,2021-05-12,Completed,Online
1848,1114,499.82,2020-11-29,Completed,Card
1849,1352,146.4,2024-03-30,Processing,Card
1850,1775,81.29,2022-11-10,Failed,Card
1851,1641,422.14,2022-05-26,Completed,Cash
1852,1255,47.65,2022-01-29,Refunded,Card
1853,1357,32.97,2023-06-09,Processing,Cash
1854,1308,424.22,2024-02-09,Processing,Online
1855,1980,148.04,2023-07-04,Failed,Cash
1856,52,23.4,2022-07-15,Completed,Card
1857,508,422.49,2021-04-13,Pending,Cash
1858,1112,372.22,2024-07-20,Completed,Online
1859,578,255.04,2021-07-27,Refunded,Card
1860,291,177.12,2023-12-24,Completed,Online
1861,1786,478.8,2023-09-17,Completed,Card
1862,454,231.39,2022-11-30,Completed,Cash
1863,452,237.3,2024-05-18,Failed,Cash
1864,1588,395.52,2023-02-17,Refunded,Card
1865,1507,322.62,2024-11-19,Processing,Card
1866,612,203.82,2020-04-25,Refunded,Cash
1867,1011,114.99,2023-12-27,Completed,Online
1868,381,400.43,2020-04-28,Failed,Cash
1869,34,51.87,2024-07-06,Failed,Cash
1870,362,114.19,2021-03-27,Completed,Card
1871,1633,33.1,2020-09-21,Completed,Online
1872,1709,352.06,2023-06-13,Processing,Cash
1873,1808,228.09,2023-04-17,Refunded,Card
1874,1270,549.79,2022-11-28,Completed,Cash
1875,395,213.8,2020-09-20,Processing,Online
1876,805,58.86,2020-10-28,Failed,Online
1877,262,388,2024-03-30,Failed,Online
1878,1375,228.07,2022-05-17,Refunded,Cash
1879,1123,321.27,2024-06-04,Completed,Cash
1880,448,16.6,2023-05-14,Failed,Cash
1881,1268,133.05,2022-07-19,Processing,Card
1882,164,93.31,2024-02-13,Pending,Online
1883,882,197.4,2023-07-13,Completed,Cash
1884,429,227.88,2020-11-26,Pending,Card
1885,1270,52.75,2022-12-01,Failed,Cash
1886,13,16.02,2021-01-04,Pending,Online
1887,636,207.09,2022-07-10,Processing,Card
1888,83,371.88,2023-05-24,Failed,Cash
1889,1014,54.02,2022-07-03,Refunded,Cash
1890,1465,438.27,2023-09-14,Completed,Online
1891,558,157.64,2021-12-06,Processing,Cash
1892,1281,475.87,2024-04-02,Pending,Card
1893,1161,540.98,2022-06-22,Failed,Card
1894,98,73.59,2020-05-03,Processing,Cash
1895,14,17.25,2023-01-17,Pending,Card
1896,1966,538.49,2020-07-17,Refunded,Online
1897,1548,198.99,2024-03-05,Failed,Cash
1898,1353,315.39,2020-07-16,Refunded,Online
1899,1911,259.33,2023-04-14,Completed,Cash
1900,567,90,2023-06-12,Pending,Cash
1901,408,385.44,2024-01-24,Refunded,Card
1902,137,521.76,2022-08-02,Processing,Online
1903,1761,233.09,2022-08-23,Pending,Online
1904,497,274.5,2021-03-15,Failed,Online
1905,1740,106.89,2021-01-13,Pending,Card
1906,934,63.15,2024-03-28,Processing,Card
1907,418,162.48,2021-05-05,Pending,Card
1908,496,829.73,2021-11-20,Completed,Card
1909,781,14.4,2023-04-10,Failed,Cash
1910,508,188.26,2021-04-13,Pending,Card
1911,341,372.19,2022-01-21,Pending,Card
1912,309,52.2,2021-12-12,Processing,Card
1913,234,271.04,2022-05-28,Processing,Online
1914,160,90.35,2023-05-14,Completed,Cash
1915,1980,148.04,2023-06-30,Pending,Card
1916,89,378.66,2020-12-08,Failed,Online
1917,1999,205.65,2021-08-30,Processing,Cash
1918,1560,331.77,2024-09-08,Completed,Card
1919,167,217.14,2022-12-16,Failed,Card
1920,1994,233.58,2023-05-27,Failed,Cash
1921,816,257.4,2022-05-21,Processing,Card
1922,15,52.19,2021-08-26,Pending,Online
1923,1899,126.92,2020-07-27,Completed,Cash
1924,1157,58.05,2023-05-09,Failed,Card
1925,1759,229.48,2020-02-13,Failed,Card
1926,1784,192.03,2024-07-09,Refunded,Online
1927,1730,61.32,2022-04-14,Processing,Card
1928,1117,283.61,2023-01-29,Refunded,Online
1929,1615,489.52,2024-01-12,Completed,Cash
1930,455,78.34,2024-07-16,Failed,Online
1931,1018,513.7,2023-10-18,Pending,Online
1932,786,174.72,2020-10-29,Refunded,Card
1933,450,282.98,2021-08-05,Pending,Cash
1934,1417,15.93,2021-10-23,Pending,Online
1935,662,88.33,2024-08-08,Pending,Online
1936,1110,48.8,2023-04-15,Completed,Card
1937,434,16.76,2024-04-05,Failed,Online
1938,1489,253.54,2022-10-21,Completed,Online
1939,1121,261.36,2020-03-28,Failed,Cash
1940,1113,296.32,2021-03-19,Completed,Online
1941,1091,131.2,2022-09-05,Refunded,Card
1942,151,160.6,2023-09-16,Refunded,Online
1943,1195,65.17,2020-08-18,Refunded,Card
1944,315,306.24,2022-02-17,Failed,Cash
1945,1487,352.58,2024-09-12,Refunded,Cash
1946,1614,77.88,2022-08-30,Completed,Online
1947,1049,140.63,2020-01-28,Refunded,Online
1948,790,40.37,2024-03-19,Processing,Cash
1949,189,107.08,2021-08-26,Processing,Cash
1950,1076,107.54,2022-11-18,Failed,Online
1951,423,47.06,2022-02-01,Pending,Online
1952,903,232.6,2021-03-20,Pending,Card
1953,1245,367.42,2021-10-20,Completed,Card
1954,1991,449.57,2022-01-17,Processing,Cash
1955,1928,626.21,2024-06-20,Refunded,Card
1956,1947,266.6,2020-09-24,Pending,Cash
1957,1676,130.4,2020-09-06,Completed,Card
1958,1394,24,2023-07-05,Processing,Card
1959,880,409.83,2020-11-29,Failed,Online
1960,1711,489.72,2022-02-03,Pending,Online
1961,750,127.05,2020-02-17,Failed,Cash
1962,1449,324.54,2024-07-09,Processing,Cash
1963,114,422.88,2020-04-28,Completed,Online
1964,570,472.6,2020-10-22,Completed,Online
1965,379,302.64,2022-12-22,Failed,Cash
1966,58,348.59,2021-08-07,Pending,Card
1967,1456,209.23,2024-05-27,Refunded,Online
1968,1988,293.45,2023-08-17,Failed,Cash
1969,459,215.46,2021-02-03,Failed,Cash
1970,416,46.5,2024-06-12,Processing,Cash
1971,936,124.27,2023-11-17,Refunded,Cash
1972,416,46.5,2024-06-11,Refunded,Card
1973,992,346.4,2020-06-08,Processing,Online
1974,547,237.42,2022-09-05,Pending,Cash
1975,164,93.31,2024-02-16,Pending,Online
1976,1748,179.58,2022-02-10,Pending,Online
1977,338,186.01,2022-02-20,Refunded,Cash
1978,1337,43.36,2022-04-09,Processing,Card
1979,637,48.76,2022-03-04,Pending,Card
1980,310,224.51,2021-01-25,Refunded,Card
1981,1674,454.72,2020-10-15,Processing,Card
1982,1644,16.51,2021-01-07,Failed,Cash
1983,440,299.31,2021-12-13,Refunded,Online
1984,682,277.33,2024-11-23,Completed,Cash
1985,888,382.6,2022-11-15,Completed,Online
1986,85,260.71,2020-04-23,Pending,Cash
1987,172,512.92,2023-10-02,Completed,Card
1988,11,407.94,2023-07-11,Processing,Online
1989,284,125.93,2023-07-28,Completed,Cash
1990,1272,347.76,2022-10-19,Failed,Online
1991,1161,540.98,2022-06-20,Pending,Card
1992,1640,525.65,2024-05-25,Processing,Cash
1993,647,152.46,2024-02-07,Refunded,Card
1994,1117,166.65,2023-01-27,Completed,Online
1995,203,460.06,2021-06-26,Failed,Card
1996,995,204.33,2023-07-29,Processing,Card
1997,139,407.66,2024-11-08,Processing,Online
1998,604,37.92,2021-08-21,Failed,Online
1999,764,270.04,2021-04-10,Refunded,Cash
2000,1823,101.66,2023-05-23,Completed,Online
