shipment_id,product_id,supplier_id,warehouse_id,ship_date,delivery_date,status
1,1167,309,166,2022-08-08,2022-08-11,Cancelled
2,900,1267,1825,2023-04-25,2023-04-29,Delivered
3,1089,893,796,2024-10-01,2024-10-03,Delivered
4,1176,297,706,2023-09-19,2023-09-25,Cancelled
5,496,1778,18,2024-06-08,2024-06-14,Delivered
6,390,29,700,2023-06-30,2023-07-07,Cancelled
7,961,720,337,2022-10-30,2022-11-01,Delayed
8,1037,1600,254,2020-12-20,2020-12-27,Cancelled
9,135,1139,1870,2020-06-27,2020-07-02,In Transit
10,987,1826,1606,2022-09-22,2022-09-26,Pending
11,57,1454,40,2023-02-22,2023-02-24,Delivered
12,1162,1066,1864,2021-01-22,2021-01-25,In Transit
13,999,482,1541,2023-05-03,2023-05-06,Cancelled
14,31,1028,979,2020-01-14,2020-01-18,Delayed
15,464,1151,32,2020-05-05,2020-05-10,Delayed
16,1138,219,1162,2022-11-13,2022-11-14,Pending
17,1035,1263,1718,2022-06-15,2022-06-22,Delayed
18,1380,1287,1384,2024-02-16,2024-02-17,Pending
19,1378,755,1073,2022-04-26,2022-05-03,Pending
20,1474,983,1140,2021-12-02,2021-12-04,Delayed
21,565,481,1809,2021-06-03,2021-06-08,Delivered
22,2000,1036,1901,2020-02-22,2020-02-24,Cancelled
23,1425,494,166,2020-06-12,2020-06-17,In Transit
24,1169,339,778,2022-06-19,2022-06-22,Delivered
25,617,869,115,2020-05-01,2020-05-08,Cancelled
26,760,254,1501,2023-08-30,2023-09-01,Pending
27,1732,1708,43,2023-05-20,2023-05-21,In Transit
28,1963,908,1377,2023-02-06,2023-02-09,Cancelled
29,825,1037,36,2023-09-26,2023-09-28,Delivered
30,652,400,1716,2021-01-07,2021-01-11,Delivered
31,1848,407,566,2023-03-27,2023-04-02,Delayed
32,179,23,1413,2020-04-10,2020-04-16,Delayed
33,997,595,1346,2020-09-02,2020-09-05,Cancelled
34,361,994,444,2024-04-27,2024-04-29,In Transit
35,1424,448,1501,2020-01-16,2020-01-23,Delivered
36,1041,1554,282,2020-10-29,2020-11-02,Pending
37,1557,906,1437,2021-12-05,2021-12-09,Delayed
38,1320,646,982,2021-03-17,2021-03-21,Delivered
39,1531,1625,1178,2020-05-09,2020-05-11,Pending
40,399,1525,230,2021-02-05,2021-02-09,Cancelled
41,1302,1675,1402,2023-09-09,2023-09-16,In Transit
42,1140,1656,12,2022-07-17,2022-07-18,In Transit
43,505,1872,898,2024-03-01,2024-03-06,Cancelled
44,33,1800,1346,2021-09-13,2021-09-14,Delayed
45,1026,8,1156,2024-09-09,2024-09-12,In Transit
46,972,1299,1796,2020-10-28,2020-11-03,In Transit
47,97,1178,1156,2022-07-28,2022-07-31,Delivered
48,1236,1761,798,2022-09-26,2022-09-29,Pending
49,588,1553,171,2023-12-08,2023-12-11,In Transit
50,1943,1861,457,2022-02-26,2022-03-05,Cancelled
51,955,1363,1053,2023-07-16,2023-07-17,Cancelled
52,902,201,1718,2022-05-14,2022-05-21,In Transit
53,249,845,1053,2023-08-17,2023-08-19,Pending
54,353,1178,1771,2024-06-02,2024-06-08,Pending
55,1317,595,1350,2024-08-14,2024-08-21,Pending
56,911,1225,1861,2021-05-08,2021-05-11,Cancelled
57,346,571,248,2021-02-08,2021-02-12,In Transit
58,568,269,843,2020-01-04,2020-01-07,Delivered
59,843,1564,916,2024-11-05,2024-11-06,Cancelled
60,90,924,35,2020-04-25,2020-04-27,In Transit
61,1454,144,1551,2024-02-10,2024-02-13,Delivered
62,1192,898,1716,2021-12-28,2021-12-30,Delivered
63,522,306,1878,2022-01-11,2022-01-16,Pending
64,484,1940,1393,2023-07-03,2023-07-10,Delivered
65,1226,1304,875,2021-03-06,2021-03-12,In Transit
66,442,1181,631,2024-12-01,2024-12-03,Pending
67,1615,1289,1219,2021-11-10,2021-11-11,Delayed
68,1491,1320,261,2020-03-01,2020-03-06,Pending
69,1014,1596,1387,2023-08-28,2023-08-29,Pending
70,1359,814,688,2020-07-02,2020-07-05,Cancelled
71,104,1639,942,2024-07-26,2024-07-29,Cancelled
72,1176,207,404,2023-03-01,2023-03-07,Delivered
73,1910,435,467,2020-12-08,2020-12-10,Delayed
74,1161,92,1916,2022-07-17,2022-07-19,Cancelled
75,1831,1485,1828,2022-08-02,2022-08-06,Delayed
76,233,772,620,2022-05-26,2022-05-27,In Transit
77,417,782,1896,2022-01-15,2022-01-19,Delivered
78,645,874,907,2021-08-19,2021-08-24,Delayed
79,828,102,1731,2022-05-27,2022-05-30,Cancelled
80,1342,526,677,2024-04-24,2024-04-26,In Transit
81,1749,965,702,2022-07-01,2022-07-06,Delivered
82,580,1940,554,2023-08-10,2023-08-14,Delivered
83,387,1432,1792,2023-11-25,2023-12-01,Cancelled
84,1695,891,710,2024-07-02,2024-07-08,Pending
85,790,572,1450,2024-08-10,2024-08-15,Delayed
86,36,392,1355,2024-09-17,2024-09-21,Delayed
87,154,1103,1482,2022-03-16,2022-03-20,Delayed
88,1814,896,785,2020-01-11,2020-01-16,Cancelled
89,819,1920,630,2023-02-25,2023-02-26,Delivered
90,1170,1584,1545,2023-03-26,2023-03-31,Pending
91,1462,1187,1469,2022-04-25,2022-04-26,Delayed
92,1123,841,200,2024-08-01,2024-08-02,In Transit
93,1856,1127,1472,2023-02-28,2023-03-04,Pending
94,1464,1864,276,2021-12-23,2021-12-25,Cancelled
95,614,167,1264,2020-08-10,2020-08-13,Delayed
96,1970,336,227,2024-04-04,2024-04-05,Delivered
97,1006,1844,982,2021-07-27,2021-07-30,Pending
98,1460,1067,1940,2020-12-10,2020-12-12,Pending
99,420,813,566,2020-09-03,2020-09-08,Pending
100,1228,206,1277,2022-01-30,2022-02-03,Cancelled
101,758,209,1554,2021-03-20,2021-03-27,Pending
102,998,403,1945,2023-08-25,2023-08-27,Pending
103,1115,1874,1212,2024-03-18,2024-03-23,Delivered
104,437,185,597,2024-07-21,2024-07-23,Delivered
105,1201,1703,1939,2021-01-12,2021-01-17,Delivered
106,236,940,546,2023-04-03,2023-04-06,Pending
107,943,1840,1811,2021-08-15,2021-08-20,Delivered
108,446,1460,1848,2021-02-28,2021-03-07,Cancelled
109,1754,510,1334,2024-07-20,2024-07-21,Delayed
110,1949,1921,1087,2020-05-02,2020-05-04,Delayed
111,1042,612,1376,2023-04-21,2023-04-22,Delivered
112,677,1250,558,2023-10-26,2023-10-30,Cancelled
113,101,1640,686,2023-07-07,2023-07-13,Cancelled
114,1969,139,1050,2023-04-27,2023-05-03,Delivered
115,1148,1416,508,2023-11-13,2023-11-17,Delivered
116,244,720,1290,2022-10-24,2022-10-30,Delayed
117,1074,650,889,2023-06-19,2023-06-23,Delayed
118,951,235,122,2022-04-07,2022-04-09,Pending
119,1448,994,710,2024-10-20,2024-10-25,Delayed
120,278,347,1745,2024-09-25,2024-10-01,In Transit
121,1612,1292,1738,2023-01-05,2023-01-11,Pending
122,1218,1581,1251,2020-04-05,2020-04-09,Delivered
123,1791,337,1511,2024-07-27,2024-08-01,Cancelled
124,8,1927,592,2022-10-11,2022-10-13,Cancelled
125,1040,1015,401,2021-11-14,2021-11-20,Delivered
126,95,1707,1509,2023-01-19,2023-01-23,Delayed
127,1269,693,476,2022-09-03,2022-09-07,Cancelled
128,1241,1005,1477,2021-01-22,2021-01-23,Delayed
129,843,1617,1334,2022-03-24,2022-03-27,Delivered
130,574,211,1019,2023-05-19,2023-05-26,In Transit
131,1983,675,1633,2020-10-25,2020-10-31,In Transit
132,508,1881,658,2024-10-15,2024-10-17,Pending
133,1180,1625,1079,2023-04-01,2023-04-05,Delayed
134,418,1387,1865,2022-04-27,2022-04-28,Delivered
135,1275,1684,765,2024-02-07,2024-02-10,Delivered
136,719,610,1725,2020-03-22,2020-03-24,Pending
137,519,1625,712,2023-02-05,2023-02-08,Delivered
138,377,249,980,2023-08-05,2023-08-06,Delayed
139,1795,1527,1826,2020-02-08,2020-02-15,Cancelled
140,381,1979,1349,2021-06-12,2021-06-15,In Transit
141,1344,1786,1659,2023-08-27,2023-09-02,Delivered
142,1334,739,70,2021-06-22,2021-06-24,Delayed
143,1553,1846,1010,2023-07-08,2023-07-10,Cancelled
144,1814,1994,447,2020-08-02,2020-08-09,Pending
145,1037,1902,685,2020-12-19,2020-12-24,Pending
146,639,661,1343,2023-09-29,2023-10-05,Delayed
147,1760,864,1590,2024-08-21,2024-08-24,In Transit
148,1440,1872,816,2023-11-30,2023-12-01,Delivered
149,1658,463,1696,2024-09-04,2024-09-10,Pending
150,245,1042,1972,2021-04-11,2021-04-13,In Transit
151,1368,1145,1720,2020-05-22,2020-05-27,In Transit
152,584,932,123,2021-06-02,2021-06-09,Cancelled
153,671,225,853,2020-11-25,2020-11-29,Pending
154,1821,1962,349,2021-09-04,2021-09-11,Delivered
155,1813,1917,1899,2024-03-22,2024-03-28,In Transit
156,1123,1517,285,2023-01-04,2023-01-05,Cancelled
157,418,1647,1353,2021-09-16,2021-09-23,Pending
158,1786,539,1252,2022-02-11,2022-02-13,Delivered
159,1845,462,437,2020-12-21,2020-12-22,Delayed
160,144,1679,995,2023-04-06,2023-04-07,Delivered
161,719,1860,1513,2022-04-02,2022-04-08,Delivered
162,155,1736,207,2022-03-13,2022-03-16,Delayed
163,1555,1287,462,2022-04-18,2022-04-21,In Transit
164,739,1770,1942,2021-06-29,2021-07-01,Delayed
165,1331,1469,766,2024-10-25,2024-10-30,Pending
166,1231,153,1538,2020-10-08,2020-10-12,In Transit
167,94,400,1219,2021-04-25,2021-04-29,Pending
168,808,1209,334,2020-03-13,2020-03-19,Pending
169,1530,259,366,2024-12-09,2024-12-10,Pending
170,1943,709,1528,2022-12-06,2022-12-08,Delayed
171,1277,244,367,2024-05-16,2024-05-23,In Transit
172,1815,1247,1578,2024-08-27,2024-08-29,Delayed
173,1139,101,1297,2024-06-23,2024-06-28,Pending
174,458,1282,660,2020-01-18,2020-01-19,Delivered
175,161,525,321,2022-04-16,2022-04-22,Delivered
176,795,131,197,2020-01-01,2020-01-08,Cancelled
177,1752,955,1578,2023-06-24,2023-06-28,Pending
178,717,793,724,2023-07-10,2023-07-13,In Transit
179,372,232,1107,2020-01-25,2020-01-26,Delivered
180,903,1902,1192,2021-02-14,2021-02-15,Delayed
181,696,1192,192,2021-05-30,2021-06-02,Cancelled
182,435,307,770,2022-05-24,2022-05-26,Delivered
183,1489,38,537,2023-06-14,2023-06-19,In Transit
184,638,1082,1188,2020-04-09,2020-04-16,Delayed
185,1145,1174,504,2022-03-09,2022-03-14,Pending
186,1328,745,201,2020-11-02,2020-11-07,Delivered
187,642,1297,1106,2024-01-16,2024-01-20,Cancelled
188,819,159,646,2020-10-02,2020-10-04,Cancelled
189,977,1346,166,2023-12-28,2024-01-03,In Transit
190,727,1372,914,2021-10-20,2021-10-21,Delivered
191,1497,1378,1038,2022-03-08,2022-03-10,Cancelled
192,609,1515,1384,2020-06-20,2020-06-25,In Transit
193,375,1499,1455,2020-11-12,2020-11-18,In Transit
194,1817,1263,1412,2024-05-29,2024-06-01,Cancelled
195,905,490,1741,2022-06-12,2022-06-16,Delayed
196,789,208,489,2020-07-05,2020-07-06,Cancelled
197,621,609,29,2020-06-03,2020-06-07,Cancelled
198,278,807,1042,2024-10-31,2024-11-03,Pending
199,923,835,749,2023-12-26,2023-12-27,In Transit
200,1863,1128,1978,2023-08-13,2023-08-16,In Transit
201,1359,1687,675,2020-08-29,2020-08-30,In Transit
202,947,1870,1741,2022-10-27,2022-10-28,In Transit
203,1073,1606,1740,2022-08-16,2022-08-17,In Transit
204,212,1240,987,2020-01-06,2020-01-08,Delayed
205,1262,1232,1413,2022-06-03,2022-06-07,Cancelled
206,220,287,1708,2023-12-31,2024-01-03,Pending
207,1801,1911,1368,2024-03-12,2024-03-14,Cancelled
208,67,1902,652,2022-08-31,2022-09-03,Cancelled
209,557,1465,394,2020-07-01,2020-07-04,Delayed
210,86,1707,897,2022-09-13,2022-09-20,Delayed
211,198,1048,433,2024-04-08,2024-04-09,Cancelled
212,1905,862,375,2024-08-21,2024-08-25,Pending
213,920,204,919,2023-06-04,2023-06-07,Pending
214,1575,29,765,2021-05-29,2021-06-02,Cancelled
215,1988,1592,458,2021-05-07,2021-05-11,Delayed
216,1319,208,1159,2024-05-13,2024-05-14,Cancelled
217,1101,879,999,2022-08-12,2022-08-16,Delayed
218,482,908,1874,2022-10-15,2022-10-16,Pending
219,955,1761,631,2024-04-15,2024-04-20,Cancelled
220,1484,126,1692,2022-06-26,2022-07-01,Delayed
221,473,361,853,2021-09-29,2021-10-05,Delivered
222,1888,1515,1701,2023-09-03,2023-09-08,Delivered
223,1421,894,653,2020-03-02,2020-03-08,Cancelled
224,1022,1027,1910,2021-01-06,2021-01-10,In Transit
225,251,655,1032,2023-12-25,2023-12-30,Pending
226,1942,204,898,2023-12-17,2023-12-20,Delivered
227,59,1824,695,2024-07-18,2024-07-23,Cancelled
228,44,270,1436,2021-01-30,2021-01-31,Delivered
229,191,381,762,2020-08-01,2020-08-02,Cancelled
230,1417,1270,919,2022-04-19,2022-04-23,Delayed
231,1784,1239,131,2024-05-11,2024-05-14,Delayed
232,1725,786,1478,2023-04-29,2023-05-02,Pending
233,1517,1655,1761,2020-05-12,2020-05-14,Delivered
234,1061,1838,1296,2022-02-26,2022-03-04,Pending
235,1186,539,722,2021-06-12,2021-06-19,Delayed
236,1599,1028,802,2021-10-03,2021-10-09,Cancelled
237,800,724,388,2023-09-28,2023-09-29,Pending
238,191,595,852,2022-01-06,2022-01-09,Delayed
239,379,19,1649,2020-04-09,2020-04-11,Cancelled
240,1102,1177,592,2020-11-04,2020-11-11,Cancelled
241,432,1122,805,2024-09-12,2024-09-17,Cancelled
242,1805,830,1230,2020-11-17,2020-11-20,Delivered
243,493,287,554,2023-05-02,2023-05-05,Cancelled
244,880,502,942,2023-10-06,2023-10-09,Pending
245,1782,345,591,2024-04-13,2024-04-16,Delivered
246,1824,948,1245,2020-07-19,2020-07-22,Pending
247,1073,293,1338,2023-05-05,2023-05-06,Delivered
248,60,247,1346,2021-11-22,2021-11-27,In Transit
249,848,426,21,2024-11-14,2024-11-15,Delivered
250,1436,1665,768,2020-05-13,2020-05-17,Delayed
251,1659,1616,1442,2020-08-24,2020-08-26,Delivered
252,1717,1158,338,2022-10-09,2022-10-16,Delivered
253,1320,1688,661,2023-12-09,2023-12-15,In Transit
254,1091,161,1701,2020-11-21,2020-11-22,Cancelled
255,77,1126,833,2023-03-22,2023-03-29,Delayed
256,156,403,1102,2024-09-18,2024-09-21,Cancelled
257,1913,1558,500,2021-02-18,2021-02-24,Pending
258,1550,1620,532,2023-08-21,2023-08-26,In Transit
259,1526,148,183,2024-07-22,2024-07-24,Delayed
260,1611,1139,649,2021-12-12,2021-12-18,Cancelled
261,1430,1195,1532,2023-01-02,2023-01-09,Pending
262,1345,1654,248,2021-02-18,2021-02-25,Delayed
263,1386,694,726,2023-02-27,2023-03-01,Delivered
264,447,926,1644,2022-06-25,2022-06-26,Pending
265,605,1989,1727,2023-03-22,2023-03-27,Delayed
266,1682,1663,743,2020-08-14,2020-08-15,Pending
267,809,1817,194,2024-11-24,2024-11-30,Delayed
268,592,1786,288,2024-10-01,2024-10-04,In Transit
269,704,453,918,2024-11-30,2024-12-05,Delivered
270,207,1032,1272,2020-07-13,2020-07-16,Delivered
271,955,1396,1206,2023-02-16,2023-02-23,Pending
272,1692,1919,1895,2023-09-14,2023-09-16,Pending
273,918,1003,154,2022-03-04,2022-03-10,Pending
274,232,805,953,2023-01-17,2023-01-18,In Transit
275,1188,463,1046,2022-05-29,2022-06-04,Delivered
276,1505,706,1263,2020-06-13,2020-06-19,Delivered
277,1172,1723,1930,2024-03-14,2024-03-17,Pending
278,168,17,330,2022-03-05,2022-03-11,In Transit
279,393,1500,1854,2023-01-31,2023-02-04,Cancelled
280,228,688,1231,2022-02-18,2022-02-19,Cancelled
281,1411,1582,1638,2021-07-06,2021-07-08,Cancelled
282,1279,1472,254,2020-12-23,2020-12-26,Cancelled
283,62,681,1865,2020-05-29,2020-06-05,In Transit
284,512,1817,1092,2020-12-13,2020-12-18,Cancelled
285,160,1063,262,2024-03-26,2024-03-31,Pending
286,1764,382,192,2020-06-27,2020-07-02,Pending
287,865,1607,377,2020-06-12,2020-06-18,Delivered
288,942,961,1045,2023-06-16,2023-06-21,In Transit
289,799,1472,514,2022-04-24,2022-04-25,Cancelled
290,228,456,1111,2021-03-24,2021-03-29,Delivered
291,196,523,1903,2023-11-02,2023-11-06,Pending
292,1020,626,1143,2021-10-15,2021-10-20,Delivered
293,1553,1400,1881,2024-11-16,2024-11-20,Cancelled
294,204,245,358,2021-03-17,2021-03-21,Delivered
295,1221,683,1711,2022-06-19,2022-06-21,Delivered
296,1543,940,614,2022-10-30,2022-11-04,Cancelled
297,825,1864,1120,2021-09-13,2021-09-19,Delayed
298,29,1319,370,2024-07-17,2024-07-19,Cancelled
299,1824,1343,488,2020-03-09,2020-03-14,In Transit
300,173,1660,1526,2024-08-16,2024-08-21,Pending
301,1411,41,1251,2021-11-05,2021-11-10,In Transit
302,609,1166,977,2023-03-07,2023-03-11,Delayed
303,1905,1372,1737,2020-01-21,2020-01-22,Delayed
304,1094,1184,852,2020-02-25,2020-02-28,In Transit
305,790,363,31,2024-06-12,2024-06-18,Delayed
306,151,128,1567,2020-09-10,2020-09-14,Delivered
307,65,164,1201,2023-11-09,2023-11-16,In Transit
308,1844,1229,1394,2023-06-13,2023-06-14,Delivered
309,1729,1829,1512,2023-06-14,2023-06-16,Delayed
310,1009,441,520,2022-08-13,2022-08-20,Cancelled
311,1071,983,1537,2020-04-08,2020-04-15,Cancelled
312,1556,704,697,2023-02-13,2023-02-19,Delayed
313,319,1693,904,2020-11-14,2020-11-16,Pending
314,1261,995,1681,2023-09-30,2023-10-06,Delayed
315,123,1615,1342,2020-05-26,2020-05-29,Delayed
316,1056,1552,482,2023-01-26,2023-01-30,Pending
317,609,1690,892,2021-08-09,2021-08-10,Delayed
318,860,818,1271,2024-01-26,2024-01-30,Pending
319,612,1478,1062,2021-10-12,2021-10-14,Delivered
320,526,1866,1397,2022-03-20,2022-03-27,Delivered
321,204,1337,942,2024-01-21,2024-01-28,Delayed
322,156,573,954,2021-01-02,2021-01-05,In Transit
323,797,1495,233,2020-10-11,2020-10-17,Pending
324,1266,439,957,2023-08-20,2023-08-26,Delivered
325,361,1824,659,2021-08-12,2021-08-13,Delayed
326,1277,1843,1262,2021-01-10,2021-01-11,In Transit
327,472,1889,635,2022-03-12,2022-03-16,Delivered
328,427,1006,749,2024-03-22,2024-03-27,Delivered
329,107,465,1381,2023-03-25,2023-03-28,Delivered
330,1668,1935,1282,2024-12-20,2024-12-26,Cancelled
331,1437,1416,245,2024-02-02,2024-02-07,Delayed
332,455,258,1020,2024-09-11,2024-09-14,Cancelled
333,1108,787,309,2021-03-07,2021-03-10,Delayed
334,1226,1735,28,2020-09-24,2020-09-30,Pending
335,204,1258,143,2023-09-07,2023-09-13,Cancelled
336,200,1317,726,2020-05-21,2020-05-24,Delayed
337,1540,248,1798,2022-10-03,2022-10-08,In Transit
338,72,1412,1666,2023-07-26,2023-07-30,In Transit
339,450,732,729,2024-05-23,2024-05-24,Delivered
340,198,1941,47,2024-06-02,2024-06-05,Delayed
341,1658,884,926,2021-08-18,2021-08-25,Pending
342,1793,676,1376,2023-01-31,2023-02-06,Pending
343,233,890,446,2022-06-13,2022-06-16,Pending
344,1565,375,831,2020-12-13,2020-12-20,In Transit
345,1290,751,108,2022-04-10,2022-04-13,In Transit
346,63,1734,379,2022-11-25,2022-12-02,Delivered
347,1844,1132,977,2021-07-11,2021-07-17,Delivered
348,149,581,148,2024-05-26,2024-05-30,Cancelled
349,1778,1203,283,2022-11-02,2022-11-05,In Transit
350,677,1659,1618,2023-07-29,2023-08-01,Delayed
351,4,1687,1665,2020-06-12,2020-06-13,Delayed
352,1083,282,756,2020-02-28,2020-03-05,Pending
353,155,370,469,2022-06-03,2022-06-08,Delayed
354,1515,783,1598,2020-12-26,2020-12-31,Cancelled
355,713,389,1277,2022-07-29,2022-07-31,In Transit
356,1524,116,1463,2024-10-29,2024-11-04,Pending
357,1508,177,614,2022-10-17,2022-10-18,In Transit
358,1812,97,1877,2024-04-06,2024-04-09,In Transit
359,1139,487,395,2020-07-21,2020-07-23,Delivered
360,930,1485,936,2024-01-20,2024-01-22,Delivered
361,1591,186,1552,2023-10-19,2023-10-23,Cancelled
362,1929,1870,765,2023-01-14,2023-01-17,Delivered
363,1578,1995,80,2020-12-06,2020-12-07,Cancelled
364,949,1647,37,2024-10-21,2024-10-23,Delivered
365,91,515,757,2021-04-07,2021-04-10,In Transit
366,1100,1941,1409,2022-05-09,2022-05-16,Delayed
367,1,447,537,2020-09-20,2020-09-26,Delivered
368,1400,1572,1117,2023-08-23,2023-08-28,In Transit
369,571,925,1935,2021-06-08,2021-06-10,Delayed
370,1261,42,994,2023-04-11,2023-04-16,Delayed
371,1607,1901,101,2024-01-18,2024-01-24,Pending
372,1610,1664,1994,2023-07-02,2023-07-06,Cancelled
373,1058,846,1930,2021-09-18,2021-09-20,In Transit
374,1901,62,773,2024-07-24,2024-07-25,Cancelled
375,715,1621,681,2022-10-03,2022-10-05,Delivered
376,1964,1020,787,2024-08-26,2024-08-30,In Transit
377,575,1158,1447,2023-04-17,2023-04-24,Delayed
378,1881,126,1026,2020-07-18,2020-07-22,In Transit
379,1459,275,1620,2023-01-11,2023-01-17,Delayed
380,382,85,773,2021-08-15,2021-08-18,In Transit
381,912,1367,1518,2024-08-01,2024-08-08,Delivered
382,803,951,1026,2021-01-17,2021-01-19,Delivered
383,1480,1190,725,2022-08-27,2022-09-03,Cancelled
384,1590,1344,916,2021-09-26,2021-10-03,Delivered
385,983,1990,1353,2023-12-14,2023-12-20,Delayed
386,1917,1955,250,2020-01-23,2020-01-27,Cancelled
387,1367,1010,1882,2023-12-14,2023-12-15,In Transit
388,859,1224,1631,2023-11-16,2023-11-17,Delayed
389,330,1137,923,2022-08-13,2022-08-18,Cancelled
390,274,1087,159,2022-01-09,2022-01-15,Delivered
391,878,1276,194,2020-02-24,2020-02-26,Cancelled
392,1435,1965,1593,2022-06-24,2022-06-27,In Transit
393,1786,1105,1283,2023-06-15,2023-06-17,Cancelled
394,1787,873,1811,2020-04-13,2020-04-19,Cancelled
395,1542,1526,585,2020-07-11,2020-07-16,Delayed
396,533,1517,1183,2021-07-06,2021-07-12,Cancelled
397,1205,1599,1262,2021-06-11,2021-06-15,Delivered
398,1147,708,862,2020-10-11,2020-10-16,Delayed
399,509,558,1495,2023-12-19,2023-12-22,Pending
400,1551,299,1896,2020-10-14,2020-10-18,In Transit
401,1972,1885,1519,2024-03-13,2024-03-18,In Transit
402,1149,1764,1292,2023-03-21,2023-03-24,In Transit
403,1598,1496,1849,2024-02-02,2024-02-07,Pending
404,1739,89,1081,2021-02-20,2021-02-24,In Transit
405,257,795,696,2023-05-31,2023-06-01,Pending
406,794,401,1159,2021-03-02,2021-03-04,In Transit
407,1548,1722,1491,2023-05-09,2023-05-13,In Transit
408,532,1006,209,2023-05-08,2023-05-13,Cancelled
409,1404,1122,228,2021-10-03,2021-10-08,Cancelled
410,1366,1760,1462,2022-02-21,2022-02-28,In Transit
411,1774,1820,535,2021-07-18,2021-07-23,Pending
412,1861,219,1437,2024-11-24,2024-11-27,Pending
413,951,77,728,2023-07-21,2023-07-28,Cancelled
414,940,1655,1083,2024-07-13,2024-07-15,Pending
415,562,1785,1983,2023-11-14,2023-11-21,In Transit
416,1514,809,1596,2021-03-02,2021-03-05,Cancelled
417,103,1289,764,2024-03-24,2024-03-26,Delayed
418,1550,1637,663,2020-01-01,2020-01-04,Pending
419,1261,1962,1137,2020-06-08,2020-06-15,Delivered
420,1554,1935,1654,2024-04-28,2024-04-30,In Transit
421,1112,716,1059,2024-01-27,2024-02-03,Pending
422,106,2,646,2023-12-24,2023-12-29,Delayed
423,670,1490,1463,2024-09-29,2024-10-02,Cancelled
424,1172,388,1265,2024-05-20,2024-05-21,Delivered
425,1462,793,1993,2022-12-20,2022-12-21,Pending
426,923,1328,781,2024-11-26,2024-11-29,Pending
427,664,935,1723,2023-09-02,2023-09-08,Delayed
428,1746,333,134,2023-12-09,2023-12-16,Pending
429,142,386,1884,2023-01-24,2023-01-31,Cancelled
430,528,1190,775,2022-11-20,2022-11-23,Delivered
431,73,1076,1984,2024-11-30,2024-12-05,Delivered
432,393,754,605,2022-11-15,2022-11-16,Cancelled
433,551,1287,40,2022-11-13,2022-11-18,Cancelled
434,1500,1961,768,2024-09-06,2024-09-13,Delivered
435,1176,984,1996,2024-08-08,2024-08-10,Delayed
436,293,731,178,2024-10-29,2024-11-03,Delayed
437,209,806,819,2020-07-24,2020-07-29,Cancelled
438,390,234,436,2020-10-03,2020-10-09,Delivered
439,1897,151,85,2024-07-22,2024-07-24,Cancelled
440,373,270,164,2020-02-29,2020-03-03,In Transit
441,199,1251,73,2023-09-27,2023-09-28,In Transit
442,821,1290,1739,2024-02-26,2024-02-28,Delivered
443,288,170,556,2022-06-08,2022-06-12,In Transit
444,1413,1226,1249,2021-03-06,2021-03-08,Delivered
445,284,1288,1656,2022-09-11,2022-09-13,Delivered
446,1318,1473,1601,2020-09-17,2020-09-24,Cancelled
447,1896,1239,860,2022-01-29,2022-02-04,In Transit
448,754,1836,34,2020-10-12,2020-10-18,Cancelled
449,385,1003,1957,2024-01-10,2024-01-13,Delayed
450,1070,120,92,2024-12-17,2024-12-23,Pending
451,75,1482,119,2021-10-29,2021-11-01,Delayed
452,1018,865,1397,2023-03-13,2023-03-18,In Transit
453,393,462,482,2021-03-16,2021-03-20,Delayed
454,991,1719,1829,2020-09-26,2020-09-30,Cancelled
455,33,855,1127,2024-09-19,2024-09-25,In Transit
456,546,1162,1101,2021-07-06,2021-07-12,Delivered
457,726,1116,1613,2022-10-19,2022-10-24,Cancelled
458,395,1078,1638,2022-04-18,2022-04-24,Pending
459,1781,1162,1480,2020-01-24,2020-01-28,Delayed
460,522,1214,1777,2021-06-22,2021-06-26,Delayed
461,164,1423,1580,2024-05-23,2024-05-29,In Transit
462,772,1887,1822,2023-05-19,2023-05-24,Cancelled
463,373,922,1772,2023-02-27,2023-03-03,Delayed
464,995,391,823,2022-01-28,2022-01-31,Delivered
465,547,1118,1610,2020-01-12,2020-01-14,Delivered
466,892,1231,124,2021-04-25,2021-04-28,Delivered
467,1359,1711,940,2020-11-05,2020-11-06,In Transit
468,1214,645,1453,2020-05-21,2020-05-23,Delayed
469,1813,256,1309,2024-12-15,2024-12-17,Delayed
470,1024,1206,1794,2023-10-01,2023-10-03,In Transit
471,1511,149,681,2024-07-04,2024-07-11,In Transit
472,675,1934,1124,2020-11-17,2020-11-19,In Transit
473,536,1021,1666,2020-10-22,2020-10-29,Cancelled
474,1429,853,1460,2020-03-10,2020-03-12,Delayed
475,1432,858,1578,2020-07-08,2020-07-15,Pending
476,967,795,163,2021-03-10,2021-03-12,Delivered
477,60,2,1878,2022-01-17,2022-01-24,Pending
478,1565,1716,503,2023-11-12,2023-11-18,Delayed
479,1748,682,1733,2022-03-01,2022-03-08,In Transit
480,1820,888,422,2023-03-05,2023-03-10,Delivered
481,1268,83,55,2021-09-12,2021-09-19,Pending
482,1529,1823,1819,2020-03-19,2020-03-21,Pending
483,1854,198,839,2023-07-04,2023-07-07,Pending
484,1800,1249,720,2021-12-26,2021-12-31,Delivered
485,185,1574,1362,2020-01-04,2020-01-07,Delayed
486,501,1641,670,2023-05-19,2023-05-25,In Transit
487,1472,1753,399,2023-11-03,2023-11-04,Delivered
488,1843,1022,1028,2023-04-21,2023-04-23,Delayed
489,1524,1198,972,2024-05-05,2024-05-11,Delivered
490,968,547,1440,2023-02-14,2023-02-16,In Transit
491,526,853,881,2023-03-22,2023-03-25,Delivered
492,806,29,1162,2024-01-31,2024-02-05,Delayed
493,1262,432,314,2023-10-15,2023-10-17,In Transit
494,1946,1308,932,2020-06-09,2020-06-16,Delivered
495,1083,241,831,2021-10-18,2021-10-22,Pending
496,864,1227,477,2023-08-31,2023-09-07,Delivered
497,869,1883,641,2020-04-02,2020-04-06,Pending
498,1639,1547,2000,2021-08-24,2021-08-26,Delayed
499,1467,213,988,2024-03-22,2024-03-25,Delivered
500,1604,457,1711,2022-11-07,2022-11-14,Delayed
501,712,1654,407,2023-08-18,2023-08-21,In Transit
502,655,340,991,2022-01-04,2022-01-05,Delayed
503,451,341,1743,2020-12-28,2020-12-30,Delayed
504,1251,527,1501,2021-06-11,2021-06-14,Delivered
505,522,1553,797,2020-10-27,2020-11-02,Cancelled
506,1470,1225,760,2022-02-11,2022-02-14,Pending
507,1945,515,1325,2021-11-16,2021-11-22,In Transit
508,435,1532,1140,2022-07-08,2022-07-15,Delayed
509,714,1201,1128,2024-01-06,2024-01-07,Delivered
510,1539,1408,62,2022-09-15,2022-09-22,Delayed
511,809,912,793,2021-04-30,2021-05-03,Cancelled
512,2,1571,332,2022-05-31,2022-06-03,Delivered
513,950,777,189,2021-10-30,2021-11-03,Delayed
514,1091,1346,83,2024-06-02,2024-06-09,Cancelled
515,144,460,523,2022-03-19,2022-03-22,Pending
516,802,424,1681,2022-09-25,2022-09-26,Delayed
517,663,1884,1276,2024-09-04,2024-09-06,Delayed
518,1419,1714,1485,2023-01-21,2023-01-22,Cancelled
519,109,1611,593,2020-08-16,2020-08-21,In Transit
520,1328,1633,262,2023-10-25,2023-10-29,Delayed
521,1219,693,1815,2022-09-22,2022-09-23,Pending
522,1672,567,1586,2023-12-07,2023-12-10,In Transit
523,1872,700,1430,2021-11-04,2021-11-09,Delivered
524,257,231,791,2023-06-25,2023-07-02,Delayed
525,389,1637,1038,2024-10-28,2024-10-29,Delayed
526,116,233,1325,2023-09-30,2023-10-06,Cancelled
527,449,380,296,2020-10-15,2020-10-22,Delayed
528,829,1668,1238,2021-04-22,2021-04-26,Pending
529,1550,1578,1768,2023-10-20,2023-10-25,In Transit
530,294,1749,591,2021-08-02,2021-08-04,Pending
531,994,24,1495,2023-08-09,2023-08-13,Delayed
532,643,683,596,2024-02-06,2024-02-11,Delayed
533,15,124,1462,2021-11-22,2021-11-26,In Transit
534,1022,112,20,2022-01-27,2022-01-28,Pending
535,785,695,39,2022-09-05,2022-09-08,Pending
536,1842,628,1866,2024-03-07,2024-03-10,Pending
537,1642,317,668,2021-03-19,2021-03-25,Cancelled
538,820,66,1976,2023-07-01,2023-07-08,Delivered
539,1467,699,13,2022-12-22,2022-12-27,Delivered
540,218,145,182,2023-03-17,2023-03-21,Delivered
541,911,351,982,2024-10-22,2024-10-25,In Transit
542,540,962,876,2022-02-12,2022-02-19,Pending
543,242,1983,1483,2021-03-06,2021-03-12,Pending
544,1378,144,791,2022-09-30,2022-10-01,Delivered
545,883,1502,783,2021-11-30,2021-12-03,Cancelled
546,1030,900,851,2024-10-22,2024-10-29,Delivered
547,451,692,1163,2020-12-29,2021-01-01,Delivered
548,1250,1884,1432,2020-12-29,2021-01-01,In Transit
549,1536,1126,716,2022-12-28,2022-12-29,Cancelled
550,1906,1696,1589,2024-02-27,2024-02-29,In Transit
551,1241,348,92,2023-11-12,2023-11-17,Cancelled
552,734,628,1736,2022-03-04,2022-03-10,Delivered
553,192,1149,569,2023-04-28,2023-05-03,In Transit
554,556,110,633,2020-05-24,2020-05-25,Cancelled
555,1615,59,309,2024-02-11,2024-02-14,In Transit
556,1016,963,1552,2022-06-06,2022-06-08,Delivered
557,224,823,335,2020-10-03,2020-10-09,In Transit
558,671,1563,459,2022-06-02,2022-06-08,Pending
559,665,1182,539,2024-11-29,2024-11-30,Delayed
560,818,985,486,2021-04-25,2021-04-30,Delayed
561,1726,293,239,2021-03-30,2021-04-05,Delivered
562,1783,1818,1308,2023-05-20,2023-05-26,Cancelled
563,224,217,1048,2020-05-20,2020-05-27,Pending
564,1059,1700,138,2023-07-08,2023-07-09,Delivered
565,1630,1706,232,2021-07-05,2021-07-06,Delivered
566,247,445,1835,2021-05-10,2021-05-13,In Transit
567,1949,633,165,2020-01-31,2020-02-06,Pending
568,1092,863,1432,2023-05-02,2023-05-06,Delayed
569,892,1372,1428,2021-02-23,2021-02-25,In Transit
570,1896,1214,1616,2023-12-17,2023-12-23,Cancelled
571,1441,1977,1702,2021-08-22,2021-08-29,Pending
572,1518,1959,1753,2024-02-26,2024-03-02,Pending
573,1061,1446,1420,2023-10-21,2023-10-26,Cancelled
574,95,831,10,2020-09-26,2020-09-30,Cancelled
575,1692,404,101,2022-09-06,2022-09-13,Delayed
576,1232,1038,733,2024-10-18,2024-10-24,Pending
577,1878,1540,1548,2021-12-14,2021-12-21,Delivered
578,1004,1467,277,2023-08-20,2023-08-26,Delivered
579,189,1218,1658,2020-10-30,2020-10-31,Pending
580,315,969,440,2020-09-04,2020-09-09,Cancelled
581,182,1982,1353,2020-10-27,2020-11-02,Pending
582,998,59,990,2020-11-04,2020-11-06,Delivered
583,461,1673,681,2022-09-01,2022-09-03,Cancelled
584,970,803,261,2020-07-05,2020-07-11,Cancelled
585,552,1910,233,2021-10-01,2021-10-07,Cancelled
586,1902,1376,433,2023-11-07,2023-11-09,Delayed
587,1442,274,946,2021-11-22,2021-11-26,In Transit
588,714,1708,712,2023-04-29,2023-05-06,Delivered
589,1270,1420,1977,2024-10-08,2024-10-11,Pending
590,1637,346,49,2022-02-13,2022-02-17,In Transit
591,239,246,1600,2022-03-09,2022-03-15,Delivered
592,483,1113,124,2022-05-17,2022-05-19,Delivered
593,1007,1788,197,2023-06-13,2023-06-20,Cancelled
594,1669,1929,1013,2023-05-13,2023-05-14,Cancelled
595,1,1386,613,2020-03-03,2020-03-06,Pending
596,624,1736,1224,2024-10-01,2024-10-02,Delivered
597,866,974,1798,2024-12-09,2024-12-15,Delayed
598,1038,1758,576,2023-08-10,2023-08-17,In Transit
599,1581,1840,1590,2021-08-02,2021-08-07,Cancelled
600,1623,420,179,2022-05-31,2022-06-03,Delayed
601,1592,721,1721,2021-07-03,2021-07-05,Delayed
602,1103,1967,950,2024-11-06,2024-11-12,Delivered
603,1404,1493,575,2023-11-20,2023-11-24,Delivered
604,1875,1406,981,2021-09-06,2021-09-11,Cancelled
605,404,1446,617,2023-04-07,2023-04-14,Cancelled
606,1512,824,682,2022-08-31,2022-09-04,Pending
607,1706,1505,1348,2024-03-19,2024-03-20,Cancelled
608,271,959,662,2023-07-14,2023-07-16,Delivered
609,1587,1048,1711,2023-12-04,2023-12-11,Pending
610,1389,681,1478,2024-01-18,2024-01-24,Cancelled
611,1979,159,1272,2024-04-28,2024-04-30,In Transit
612,1325,831,1186,2020-03-18,2020-03-19,Pending
613,1883,70,1605,2023-11-04,2023-11-11,Delayed
614,174,660,143,2020-06-02,2020-06-09,In Transit
615,1152,519,827,2022-10-12,2022-10-14,Pending
616,1831,109,1595,2024-05-20,2024-05-27,Cancelled
617,722,1140,1217,2020-06-02,2020-06-05,Pending
618,698,4,98,2023-07-10,2023-07-16,Cancelled
619,1526,741,507,2024-04-07,2024-04-09,Pending
620,1169,124,1281,2024-04-15,2024-04-17,Cancelled
621,1230,1134,1207,2022-08-01,2022-08-06,Delivered
622,910,334,1305,2021-04-15,2021-04-19,Delivered
623,86,1135,1463,2023-06-21,2023-06-25,Pending
624,546,1633,264,2020-03-28,2020-04-04,Delivered
625,1576,986,119,2023-03-30,2023-04-04,Delivered
626,686,630,1518,2022-10-26,2022-10-30,In Transit
627,52,507,179,2020-01-20,2020-01-27,Cancelled
628,552,1486,1059,2021-12-23,2021-12-30,In Transit
629,1125,1435,1168,2021-05-03,2021-05-08,Delivered
630,1132,1598,768,2021-05-15,2021-05-18,Delivered
631,1036,521,277,2023-06-16,2023-06-21,Pending
632,457,774,920,2021-08-11,2021-08-18,Cancelled
633,1559,1489,45,2023-08-03,2023-08-06,Delivered
634,1704,139,1765,2023-01-16,2023-01-17,Cancelled
635,1406,1240,1630,2024-11-30,2024-12-06,Pending
636,1775,991,1115,2021-06-29,2021-07-05,In Transit
637,46,1636,1723,2023-11-26,2023-11-28,Cancelled
638,1200,974,1711,2024-10-17,2024-10-21,Pending
639,98,570,1753,2022-04-01,2022-04-02,In Transit
640,544,289,108,2021-04-22,2021-04-28,Delayed
641,1765,1806,1582,2022-02-20,2022-02-27,Cancelled
642,1724,1438,276,2023-03-12,2023-03-17,In Transit
643,1904,47,539,2023-07-01,2023-07-03,Pending
644,1238,567,911,2020-03-03,2020-03-04,Pending
645,625,1608,1307,2022-06-09,2022-06-11,Delivered
646,388,1585,21,2020-05-16,2020-05-22,Delayed
647,386,1527,1375,2021-02-08,2021-02-14,Pending
648,1394,46,231,2022-02-20,2022-02-21,Delayed
649,717,1482,1786,2023-10-17,2023-10-21,In Transit
650,596,1407,1742,2022-02-11,2022-02-15,In Transit
651,1294,777,541,2022-11-27,2022-11-30,In Transit
652,1743,1359,1989,2020-02-20,2020-02-25,Pending
653,510,134,1468,2023-06-12,2023-06-16,Cancelled
654,1623,891,319,2020-10-04,2020-10-05,Delivered
655,77,775,923,2022-09-24,2022-09-27,Delivered
656,1110,1780,36,2024-11-22,2024-11-25,Pending
657,779,509,1876,2021-03-29,2021-03-30,Delayed
658,293,1282,1610,2022-04-30,2022-05-06,In Transit
659,1488,1330,709,2023-08-11,2023-08-18,Delivered
660,1538,1098,660,2024-09-03,2024-09-07,Delivered
661,966,443,334,2020-01-24,2020-01-27,Pending
662,1401,1221,1139,2020-01-03,2020-01-10,Delayed
663,1666,1612,889,2023-09-10,2023-09-16,Delivered
664,1235,1557,1769,2020-01-26,2020-01-31,In Transit
665,1050,271,1220,2020-03-07,2020-03-14,Delayed
666,590,1299,818,2024-02-04,2024-02-06,Delivered
667,353,863,318,2020-06-24,2020-06-30,Delayed
668,1717,1043,1883,2023-11-26,2023-11-28,Cancelled
669,683,1350,29,2022-08-24,2022-08-26,Cancelled
670,251,1180,685,2023-01-30,2023-02-06,In Transit
671,88,1727,1263,2024-02-11,2024-02-12,Pending
672,925,1913,1031,2020-08-22,2020-08-24,Delivered
673,707,1327,343,2024-03-25,2024-03-27,Delayed
674,215,619,1267,2022-04-06,2022-04-10,In Transit
675,1252,719,1709,2024-08-05,2024-08-10,In Transit
676,1521,801,1818,2024-04-17,2024-04-19,Delayed
677,622,1516,336,2022-10-03,2022-10-05,In Transit
678,1355,141,1624,2024-06-26,2024-06-28,In Transit
679,1678,1077,34,2021-02-09,2021-02-15,Delivered
680,1826,233,90,2023-02-17,2023-02-18,Pending
681,1368,1991,1852,2021-12-04,2021-12-06,Cancelled
682,675,1688,77,2021-06-27,2021-06-28,Pending
683,1540,855,1324,2024-02-23,2024-02-29,Pending
684,1188,1764,768,2021-04-08,2021-04-11,Delayed
685,743,1677,1452,2020-07-15,2020-07-21,Cancelled
686,1474,91,1195,2021-12-12,2021-12-16,Pending
687,338,515,1797,2023-08-06,2023-08-12,Pending
688,461,1364,758,2020-01-12,2020-01-13,Delayed
689,685,463,1358,2022-06-28,2022-07-03,Delayed
690,241,1886,938,2021-06-14,2021-06-16,In Transit
691,644,150,509,2021-10-18,2021-10-25,Delayed
692,1480,214,277,2024-10-21,2024-10-27,Cancelled
693,918,231,1114,2020-05-04,2020-05-09,In Transit
694,5,893,542,2023-04-07,2023-04-09,Delayed
695,1937,987,1903,2021-01-22,2021-01-27,Delivered
696,605,1055,1770,2021-03-06,2021-03-09,Delayed
697,1487,35,932,2024-06-01,2024-06-02,Cancelled
698,330,1067,1644,2022-10-01,2022-10-04,Pending
699,1906,919,1751,2024-08-08,2024-08-11,Delayed
700,1564,1618,214,2024-01-25,2024-01-31,Cancelled
701,553,1974,1566,2020-01-26,2020-02-01,In Transit
702,1731,343,1256,2024-02-03,2024-02-05,Cancelled
703,218,1262,414,2022-01-08,2022-01-12,Delivered
704,339,114,1731,2022-03-08,2022-03-15,Delivered
705,1447,1335,6,2020-09-04,2020-09-06,Delivered
706,1496,128,33,2024-10-07,2024-10-08,In Transit
707,30,21,1078,2023-07-22,2023-07-27,Cancelled
708,145,1494,179,2021-08-30,2021-08-31,Cancelled
709,1051,1957,1310,2020-07-02,2020-07-06,Delivered
710,1847,1650,696,2024-06-30,2024-07-07,Delivered
711,205,820,673,2022-08-31,2022-09-05,Delivered
712,1793,133,935,2023-11-08,2023-11-12,Pending
713,1903,1579,615,2024-11-07,2024-11-13,Delivered
714,388,1145,1526,2023-06-24,2023-06-25,Delivered
715,942,372,1601,2021-04-12,2021-04-19,In Transit
716,886,861,1401,2021-08-27,2021-09-03,Delayed
717,200,267,360,2020-11-13,2020-11-14,Delivered
718,511,1087,725,2024-04-06,2024-04-08,In Transit
719,1631,1966,1730,2022-10-01,2022-10-07,Pending
720,997,1367,1556,2020-10-04,2020-10-06,Pending
721,929,774,1373,2021-01-04,2021-01-06,In Transit
722,790,569,1682,2021-11-03,2021-11-09,Pending
723,883,1420,1892,2024-05-17,2024-05-22,Pending
724,1980,1234,894,2023-08-19,2023-08-22,Delivered
725,1701,432,1698,2023-06-20,2023-06-23,Cancelled
726,283,191,1450,2020-01-22,2020-01-24,Cancelled
727,1789,195,1656,2021-04-01,2021-04-05,Delivered
728,1459,227,754,2023-10-03,2023-10-08,Delivered
729,1851,1041,1662,2020-06-13,2020-06-14,Cancelled
730,424,432,1567,2020-12-20,2020-12-27,Delayed
731,732,1259,1830,2022-05-14,2022-05-18,Delayed
732,618,1700,1182,2023-08-29,2023-09-02,In Transit
733,146,1695,1102,2020-06-18,2020-06-25,Delayed
734,852,985,531,2022-04-18,2022-04-21,In Transit
735,611,127,1769,2022-04-23,2022-04-24,Delivered
736,1151,131,1794,2020-12-01,2020-12-06,Delayed
737,1077,741,1995,2024-08-18,2024-08-23,In Transit
738,1867,423,1500,2024-11-24,2024-11-30,In Transit
739,659,1771,355,2021-03-19,2021-03-23,Cancelled
740,1770,1722,581,2023-03-07,2023-03-14,Delayed
741,1231,1289,905,2021-05-11,2021-05-15,In Transit
742,1829,1801,1422,2022-08-12,2022-08-17,Cancelled
743,781,708,1683,2023-04-18,2023-04-23,In Transit
744,1460,1031,1558,2023-06-10,2023-06-15,Pending
745,430,391,1551,2021-04-01,2021-04-04,In Transit
746,1900,1910,1786,2020-08-27,2020-08-29,Delivered
747,527,995,1330,2021-03-09,2021-03-11,Cancelled
748,1485,1715,27,2022-11-04,2022-11-11,Delivered
749,1315,84,732,2021-09-29,2021-10-03,Cancelled
750,221,283,1143,2023-07-16,2023-07-17,Delayed
751,243,492,631,2020-02-17,2020-02-22,Cancelled
752,1901,1085,407,2024-06-16,2024-06-19,Cancelled
753,661,780,272,2022-06-10,2022-06-14,Delivered
754,1679,439,687,2021-05-04,2021-05-08,Delayed
755,1278,93,1220,2020-03-07,2020-03-08,Delivered
756,727,1262,1483,2021-11-20,2021-11-23,Delayed
757,561,1287,1375,2020-12-23,2020-12-24,Cancelled
758,1555,1617,149,2023-01-26,2023-01-30,Pending
759,1799,285,675,2023-01-18,2023-01-24,Pending
760,1064,506,657,2024-12-08,2024-12-14,Delivered
761,1931,452,578,2021-02-05,2021-02-10,Pending
762,357,1216,1336,2021-08-22,2021-08-25,In Transit
763,1204,1884,644,2021-01-21,2021-01-28,Delivered
764,685,1229,810,2022-12-26,2022-12-28,Cancelled
765,15,874,1662,2023-12-06,2023-12-13,Pending
766,408,1232,1685,2021-06-01,2021-06-08,Delivered
767,1976,226,352,2024-05-13,2024-05-17,Pending
768,1774,1467,192,2022-08-30,2022-09-01,Pending
769,1219,1964,378,2023-04-21,2023-04-23,Cancelled
770,1191,1872,876,2022-07-13,2022-07-17,Cancelled
771,1574,1916,1033,2020-11-14,2020-11-16,Cancelled
772,313,1400,634,2023-12-08,2023-12-12,Cancelled
773,71,583,97,2020-10-24,2020-10-30,Pending
774,1738,782,826,2021-11-15,2021-11-20,In Transit
775,1818,1804,1970,2022-06-08,2022-06-11,Cancelled
776,160,738,1977,2022-02-13,2022-02-18,Cancelled
777,572,624,114,2021-01-22,2021-01-26,Cancelled
778,1663,1715,692,2024-07-02,2024-07-07,Pending
779,945,1770,1773,2020-08-19,2020-08-26,Delayed
780,1469,1560,117,2024-03-14,2024-03-19,In Transit
781,1440,1013,194,2021-12-10,2021-12-15,Pending
782,1275,1457,528,2022-05-10,2022-05-11,Cancelled
783,692,1147,834,2020-11-28,2020-11-29,Pending
784,947,630,1125,2024-06-30,2024-07-01,In Transit
785,1981,360,1109,2021-05-13,2021-05-16,Cancelled
786,673,901,1006,2022-08-06,2022-08-11,Delayed
787,71,1293,1232,2023-07-10,2023-07-14,Delivered
788,221,933,316,2022-04-21,2022-04-24,Cancelled
789,1094,349,871,2021-06-04,2021-06-06,Cancelled
790,194,1950,1427,2020-03-19,2020-03-23,Pending
791,315,1215,587,2023-12-24,2023-12-26,Pending
792,1390,1905,689,2023-09-14,2023-09-17,Delayed
793,1732,1415,1018,2023-10-17,2023-10-24,Delayed
794,216,1187,588,2021-02-10,2021-02-13,Pending
795,683,1157,1934,2021-10-03,2021-10-06,Cancelled
796,1861,93,1589,2024-06-03,2024-06-04,In Transit
797,521,1923,913,2023-08-10,2023-08-17,Pending
798,1042,1885,291,2024-06-04,2024-06-10,Delayed
799,1259,1123,643,2021-12-05,2021-12-09,Cancelled
800,1486,1389,625,2021-04-26,2021-04-27,Delayed
801,1089,1532,845,2024-08-24,2024-08-28,Delivered
802,1839,1556,1435,2022-04-17,2022-04-18,Delivered
803,220,1903,1429,2020-03-24,2020-03-27,Delivered
804,425,719,1078,2023-08-03,2023-08-07,In Transit
805,9,1255,591,2024-01-08,2024-01-15,Cancelled
806,1800,1607,1543,2022-04-17,2022-04-24,In Transit
807,1111,1122,1116,2024-09-11,2024-09-16,Delivered
808,958,1133,666,2024-03-31,2024-04-06,Delivered
809,131,85,1869,2023-04-07,2023-04-13,Delayed
810,1341,246,1926,2020-08-22,2020-08-23,Cancelled
811,298,1701,125,2020-12-01,2020-12-07,Delayed
812,686,1981,1514,2024-10-20,2024-10-26,In Transit
813,403,1025,1330,2023-11-25,2023-11-27,Delivered
814,1332,356,1630,2021-02-23,2021-02-25,In Transit
815,1567,203,530,2024-10-17,2024-10-19,In Transit
816,1346,539,1926,2021-02-08,2021-02-11,Delayed
817,247,1232,1980,2022-01-19,2022-01-24,Delayed
818,1085,289,151,2021-01-04,2021-01-09,Delivered
819,1279,558,163,2024-01-13,2024-01-18,Delivered
820,1749,1181,885,2024-02-21,2024-02-23,Pending
821,167,1646,334,2022-12-07,2022-12-10,In Transit
822,936,1103,1294,2020-02-17,2020-02-20,Cancelled
823,699,1505,1391,2023-04-13,2023-04-18,Delivered
824,1961,1285,318,2023-11-24,2023-11-30,Delivered
825,1152,1832,777,2022-05-15,2022-05-21,In Transit
826,372,423,1704,2021-08-15,2021-08-19,Pending
827,1060,203,229,2024-01-16,2024-01-18,Delivered
828,1485,405,1723,2022-08-15,2022-08-17,In Transit
829,58,158,581,2024-12-03,2024-12-08,Pending
830,1135,1975,1416,2021-07-22,2021-07-29,In Transit
831,1877,1442,623,2024-06-02,2024-06-06,Cancelled
832,650,1227,1127,2020-07-23,2020-07-30,Cancelled
833,311,631,1003,2021-09-11,2021-09-15,Pending
834,327,1160,348,2024-11-17,2024-11-22,Delivered
835,1874,1588,545,2020-02-24,2020-02-26,Delayed
836,1348,493,1466,2023-01-02,2023-01-04,Delivered
837,1953,1937,1290,2023-08-07,2023-08-11,Cancelled
838,1962,180,1336,2024-09-22,2024-09-29,In Transit
839,790,1531,240,2020-08-10,2020-08-16,In Transit
840,1140,1662,586,2020-10-13,2020-10-14,Cancelled
841,1757,566,1309,2021-08-27,2021-09-01,Pending
842,401,1575,1571,2024-04-04,2024-04-09,In Transit
843,1752,809,1013,2020-01-09,2020-01-14,Delayed
844,1185,1065,1333,2024-04-02,2024-04-05,Cancelled
845,1189,237,666,2023-03-05,2023-03-06,Delivered
846,1335,721,914,2022-10-27,2022-10-28,Cancelled
847,12,1995,584,2021-04-19,2021-04-22,In Transit
848,887,1116,671,2022-09-05,2022-09-10,Delivered
849,368,1100,1093,2024-06-02,2024-06-07,In Transit
850,974,755,1131,2021-04-04,2021-04-07,Pending
851,83,1675,1152,2020-01-24,2020-01-30,Delayed
852,1634,1504,500,2022-09-11,2022-09-17,Delivered
853,325,876,595,2020-05-15,2020-05-20,Delayed
854,1509,1904,1298,2021-07-23,2021-07-26,Delivered
855,1702,1950,1852,2023-10-02,2023-10-08,Cancelled
856,1685,1702,419,2022-11-05,2022-11-12,Delayed
857,1105,1119,589,2023-03-14,2023-03-21,In Transit
858,1151,914,131,2021-04-27,2021-05-03,In Transit
859,1996,255,1592,2023-01-21,2023-01-24,Delivered
860,946,141,1893,2024-08-31,2024-09-02,Delayed
861,534,1078,305,2022-12-23,2022-12-27,In Transit
862,1581,1249,961,2020-07-13,2020-07-17,Cancelled
863,238,142,1429,2024-06-16,2024-06-19,In Transit
864,1949,405,1406,2020-10-26,2020-10-29,In Transit
865,1905,219,1868,2023-12-19,2023-12-22,Pending
866,810,660,1413,2022-06-06,2022-06-12,Delivered
867,1022,620,128,2022-03-19,2022-03-24,Cancelled
868,527,1766,1723,2021-07-23,2021-07-26,Delayed
869,1335,1013,1728,2022-07-20,2022-07-25,Delivered
870,1005,872,1339,2021-05-31,2021-06-05,Delivered
871,331,465,240,2024-08-02,2024-08-05,Cancelled
872,387,1118,1938,2021-02-05,2021-02-12,Delayed
873,516,1125,481,2021-05-21,2021-05-24,Pending
874,87,1873,443,2024-03-17,2024-03-18,Cancelled
875,764,347,313,2023-08-28,2023-08-31,Pending
876,1985,1204,1668,2023-06-28,2023-06-29,Delayed
877,316,971,800,2022-03-03,2022-03-10,Delivered
878,209,318,835,2022-12-03,2022-12-04,In Transit
879,37,1806,534,2023-04-01,2023-04-02,Delivered
880,362,1751,283,2020-10-03,2020-10-09,Delayed
881,1011,1535,1251,2020-01-27,2020-02-03,Delivered
882,290,1411,448,2021-11-20,2021-11-27,Delivered
883,1484,1812,259,2021-03-10,2021-03-17,Delivered
884,452,177,1572,2021-12-14,2021-12-20,Delayed
885,1223,732,262,2021-01-06,2021-01-09,Delayed
886,1871,518,1168,2022-02-24,2022-02-28,Delayed
887,1668,1633,1759,2021-02-14,2021-02-20,In Transit
888,32,873,869,2021-11-30,2021-12-04,In Transit
889,933,339,762,2022-01-31,2022-02-02,Cancelled
890,1713,785,887,2024-08-02,2024-08-04,Delayed
891,604,1126,615,2023-08-01,2023-08-06,Cancelled
892,149,505,1441,2023-01-17,2023-01-24,Pending
893,659,869,1556,2022-09-28,2022-10-03,Cancelled
894,806,1705,1773,2023-07-12,2023-07-13,Delayed
895,1392,973,1376,2021-11-22,2021-11-23,Delayed
896,1954,1793,167,2024-01-30,2024-01-31,Delivered
897,746,939,1061,2024-09-07,2024-09-13,Delivered
898,242,1800,1524,2022-04-14,2022-04-20,Pending
899,385,91,1263,2023-09-21,2023-09-28,Pending
900,557,771,94,2021-04-10,2021-04-17,Delayed
901,1233,1844,1076,2023-01-09,2023-01-12,In Transit
902,596,1817,1623,2020-12-10,2020-12-13,Delayed
903,1113,770,583,2021-08-22,2021-08-24,In Transit
904,668,473,1884,2020-12-16,2020-12-22,Delivered
905,1240,837,918,2022-10-15,2022-10-19,Delayed
906,712,112,1375,2023-05-17,2023-05-19,Delayed
907,1148,1286,730,2024-05-09,2024-05-15,Delayed
908,1135,1775,237,2023-01-06,2023-01-08,Delayed
909,1911,1506,507,2021-04-10,2021-04-17,Cancelled
910,1415,1863,1728,2024-09-28,2024-09-29,Delayed
911,20,1330,1963,2021-10-06,2021-10-11,Delayed
912,1420,869,231,2022-04-25,2022-04-30,Cancelled
913,1338,1630,1298,2022-10-23,2022-10-27,Pending
914,276,1701,1000,2020-01-29,2020-02-04,Delayed
915,620,223,336,2022-11-19,2022-11-25,Pending
916,572,778,690,2021-07-10,2021-07-16,Pending
917,1101,44,1764,2021-02-13,2021-02-19,In Transit
918,1128,1321,423,2021-04-04,2021-04-09,Delayed
919,221,998,390,2024-10-02,2024-10-04,In Transit
920,507,74,1281,2023-09-07,2023-09-10,Delivered
921,1237,634,227,2022-01-16,2022-01-17,Delivered
922,635,1380,872,2021-11-27,2021-11-29,Delayed
923,972,1075,1318,2022-09-12,2022-09-13,Pending
924,842,1031,1272,2022-09-04,2022-09-08,Cancelled
925,16,1257,622,2022-10-04,2022-10-08,Delivered
926,133,1172,1718,2023-08-31,2023-09-01,Pending
927,20,1816,196,2021-06-10,2021-06-12,Pending
928,1556,598,1010,2021-08-13,2021-08-16,Delayed
929,1957,696,1163,2020-11-08,2020-11-15,Delayed
930,233,1968,1606,2023-02-13,2023-02-19,Pending
931,1040,1730,1800,2024-04-14,2024-04-16,Cancelled
932,1751,1553,717,2023-04-24,2023-04-30,Delayed
933,466,219,112,2024-03-13,2024-03-16,Delayed
934,917,1812,573,2022-09-06,2022-09-07,Delayed
935,300,554,224,2022-05-20,2022-05-24,Cancelled
936,1727,541,153,2023-03-08,2023-03-10,Cancelled
937,1878,1720,1104,2021-07-07,2021-07-08,Delivered
938,1367,59,1951,2024-04-25,2024-04-27,Cancelled
939,1105,1675,813,2024-06-11,2024-06-16,Cancelled
940,1633,1583,18,2023-01-21,2023-01-28,In Transit
941,1013,424,1221,2022-04-04,2022-04-09,In Transit
942,1130,895,1403,2020-09-19,2020-09-20,In Transit
943,918,727,1675,2020-06-19,2020-06-23,Delivered
944,1877,682,299,2021-07-23,2021-07-25,Delayed
945,984,500,1662,2023-11-19,2023-11-20,Cancelled
946,546,941,237,2022-04-27,2022-04-30,Delivered
947,1791,240,1797,2024-08-12,2024-08-16,Delayed
948,645,344,1619,2021-01-01,2021-01-07,Cancelled
949,705,1972,1268,2020-03-16,2020-03-23,Cancelled
950,389,842,1884,2021-03-24,2021-03-28,Delayed
951,470,1291,799,2020-05-20,2020-05-22,Pending
952,452,312,117,2021-09-08,2021-09-09,Delayed
953,1017,1903,154,2021-10-09,2021-10-12,Pending
954,174,1449,881,2024-11-26,2024-11-29,Cancelled
955,446,1456,1590,2020-01-06,2020-01-10,In Transit
956,1145,1917,1341,2023-05-23,2023-05-27,Delivered
957,1850,1887,147,2024-06-04,2024-06-07,In Transit
958,58,1512,582,2023-11-03,2023-11-05,Cancelled
959,1960,554,1345,2024-11-25,2024-11-27,In Transit
960,1215,1416,1765,2022-09-06,2022-09-07,Pending
961,49,606,466,2021-03-30,2021-04-01,In Transit
962,403,1839,1493,2022-05-20,2022-05-22,Pending
963,638,698,1502,2022-09-08,2022-09-12,Delayed
964,1690,1113,1067,2023-09-20,2023-09-23,In Transit
965,34,632,1290,2024-11-16,2024-11-18,In Transit
966,1968,787,338,2022-07-10,2022-07-11,Delivered
967,875,1336,776,2023-12-03,2023-12-05,In Transit
968,390,535,756,2024-01-10,2024-01-12,In Transit
969,1750,1418,704,2022-07-21,2022-07-23,In Transit
970,1526,1466,1338,2023-06-21,2023-06-22,Cancelled
971,1097,167,1025,2022-08-15,2022-08-18,In Transit
972,1528,519,1124,2020-03-24,2020-03-27,Pending
973,69,719,732,2024-09-06,2024-09-12,Cancelled
974,600,1564,1383,2020-10-11,2020-10-14,Pending
975,1677,492,451,2024-09-30,2024-10-05,Delivered
976,220,278,1217,2023-01-09,2023-01-13,Pending
977,67,1573,1913,2020-07-27,2020-08-03,Pending
978,538,35,1033,2022-11-21,2022-11-23,Pending
979,412,1560,1756,2022-08-30,2022-09-02,In Transit
980,681,1122,1744,2021-04-29,2021-04-30,Cancelled
981,145,552,1197,2023-03-11,2023-03-14,Pending
982,36,1220,114,2021-06-17,2021-06-24,Delayed
983,1607,545,1150,2021-11-24,2021-11-29,Delivered
984,1752,1840,1625,2021-01-24,2021-01-29,Delivered
985,1577,1858,677,2021-12-01,2021-12-03,Delivered
986,1567,1166,774,2022-05-15,2022-05-21,Pending
987,687,696,1388,2020-03-29,2020-04-03,Delayed
988,1276,352,811,2021-04-14,2021-04-21,Delivered
989,1326,193,25,2021-05-20,2021-05-23,Delivered
990,1837,446,771,2021-08-21,2021-08-24,Delivered
991,939,1343,1530,2024-07-04,2024-07-06,Delayed
992,1952,1553,667,2021-03-17,2021-03-24,Pending
993,994,1245,1518,2022-08-04,2022-08-07,Cancelled
994,943,37,228,2020-10-02,2020-10-03,Delayed
995,1144,935,92,2022-01-21,2022-01-26,In Transit
996,1211,1456,1115,2020-02-18,2020-02-20,In Transit
997,85,881,1386,2024-06-14,2024-06-17,Pending
998,968,957,1956,2020-11-07,2020-11-13,In Transit
999,1332,652,846,2020-02-27,2020-03-02,Delayed
1000,985,492,1981,2024-08-14,2024-08-20,In Transit
1001,1440,155,646,2021-09-17,2021-09-20,Cancelled
1002,702,1970,804,2020-10-09,2020-10-11,In Transit
1003,150,617,110,2024-04-04,2024-04-08,Delayed
1004,339,1071,137,2021-10-08,2021-10-15,Delayed
1005,767,1324,906,2020-03-13,2020-03-14,Delayed
1006,1229,1544,472,2020-07-19,2020-07-23,In Transit
1007,1278,986,1659,2022-11-20,2022-11-24,Cancelled
1008,225,868,1459,2024-05-03,2024-05-10,Cancelled
1009,310,1880,1874,2020-12-03,2020-12-10,Delivered
1010,1781,154,1215,2024-06-10,2024-06-16,Cancelled
1011,480,1249,1417,2020-08-02,2020-08-06,In Transit
1012,1256,1193,468,2024-08-30,2024-09-03,Delayed
1013,202,402,304,2022-03-01,2022-03-08,Delivered
1014,781,1360,1289,2023-12-11,2023-12-12,Delivered
1015,1649,1287,806,2020-08-27,2020-08-30,Pending
1016,1977,297,1155,2022-01-29,2022-02-05,Pending
1017,1395,296,1522,2024-08-06,2024-08-07,Delayed
1018,1738,1565,1413,2022-01-16,2022-01-21,Cancelled
1019,990,1736,61,2022-09-14,2022-09-17,Delayed
1020,1603,1055,840,2022-07-14,2022-07-17,Cancelled
1021,874,270,69,2020-06-02,2020-06-04,Delivered
1022,1365,1515,990,2022-12-05,2022-12-10,Cancelled
1023,1048,1985,1174,2022-04-10,2022-04-11,In Transit
1024,1483,1481,265,2022-10-27,2022-10-29,Cancelled
1025,1166,1178,1102,2023-01-25,2023-01-27,Delayed
1026,663,576,726,2024-04-14,2024-04-21,Pending
1027,1673,1653,1392,2024-10-11,2024-10-18,Pending
1028,94,490,996,2023-07-24,2023-07-27,Delivered
1029,1220,1860,1664,2023-06-09,2023-06-11,In Transit
1030,1068,539,458,2023-11-13,2023-11-14,Delayed
1031,1570,843,1345,2024-01-04,2024-01-05,In Transit
1032,1381,1108,1430,2022-04-28,2022-05-01,In Transit
1033,1228,565,1700,2022-07-12,2022-07-19,Cancelled
1034,1928,1024,1195,2024-11-08,2024-11-11,In Transit
1035,922,129,17,2020-03-13,2020-03-17,In Transit
1036,1178,1340,1688,2021-12-28,2022-01-02,Cancelled
1037,358,906,285,2022-07-04,2022-07-10,Cancelled
1038,592,1350,1010,2022-12-22,2022-12-26,Cancelled
1039,587,363,851,2022-12-31,2023-01-06,Cancelled
1040,774,1769,1243,2021-01-07,2021-01-10,Cancelled
1041,238,607,329,2023-03-13,2023-03-14,Delivered
1042,243,1593,1919,2020-07-26,2020-07-28,Delivered
1043,479,712,1220,2021-08-20,2021-08-22,In Transit
1044,1883,1920,1444,2022-06-13,2022-06-17,Delivered
1045,177,1723,1715,2022-04-14,2022-04-19,Delivered
1046,1103,1213,104,2024-05-12,2024-05-17,In Transit
1047,1946,1803,183,2021-02-11,2021-02-16,Cancelled
1048,220,1304,443,2022-09-01,2022-09-04,Pending
1049,130,1487,837,2020-01-24,2020-01-27,Delayed
1050,1658,1636,1542,2023-11-24,2023-11-29,Cancelled
1051,44,99,684,2023-03-25,2023-03-28,Delivered
1052,1072,500,800,2024-07-29,2024-07-31,Cancelled
1053,368,69,862,2022-09-24,2022-09-28,Cancelled
1054,23,467,53,2023-12-04,2023-12-10,Delivered
1055,258,955,1788,2021-06-03,2021-06-04,Delayed
1056,890,1581,668,2024-02-26,2024-02-29,Pending
1057,151,604,1676,2022-03-15,2022-03-17,Delivered
1058,897,1039,1480,2021-06-28,2021-06-30,Cancelled
1059,1622,726,362,2022-12-28,2022-12-30,Delivered
1060,189,1250,1185,2024-04-15,2024-04-20,Delayed
1061,926,659,1643,2020-05-01,2020-05-07,In Transit
1062,817,153,286,2022-05-21,2022-05-25,Delivered
1063,605,1490,25,2020-06-11,2020-06-16,Pending
1064,940,498,1918,2021-12-24,2021-12-28,In Transit
1065,1369,812,1505,2020-05-16,2020-05-23,In Transit
1066,688,521,1794,2021-05-18,2021-05-19,Delivered
1067,1329,368,594,2020-08-03,2020-08-06,Pending
1068,354,1240,1020,2021-02-21,2021-02-27,Pending
1069,924,422,369,2022-07-10,2022-07-11,Pending
1070,740,1638,1019,2021-12-11,2021-12-12,Delayed
1071,279,1758,1044,2022-11-11,2022-11-16,Delivered
1072,66,881,1032,2023-03-20,2023-03-27,In Transit
1073,689,1533,772,2020-04-15,2020-04-18,Pending
1074,890,205,1007,2020-05-07,2020-05-11,Cancelled
1075,965,298,1099,2023-06-12,2023-06-14,Pending
1076,879,1941,1792,2024-12-08,2024-12-15,Delayed
1077,970,1749,1837,2021-10-12,2021-10-14,Delivered
1078,486,1276,539,2022-02-15,2022-02-22,Delayed
1079,200,1759,1765,2023-12-25,2023-12-30,Delayed
1080,1198,1329,513,2024-11-09,2024-11-10,Delayed
1081,802,1910,1226,2020-07-26,2020-08-02,Pending
1082,1221,1533,20,2023-12-14,2023-12-20,Delivered
1083,1259,847,1455,2021-10-31,2021-11-04,Delivered
1084,660,1211,472,2023-02-25,2023-03-03,Delayed
1085,1837,1495,750,2022-08-05,2022-08-12,Delayed
1086,396,292,923,2023-03-02,2023-03-06,Delayed
1087,1768,231,1527,2022-03-07,2022-03-12,Delayed
1088,588,1996,628,2020-06-29,2020-07-05,Delivered
1089,287,1634,1655,2022-02-27,2022-03-06,Pending
1090,47,92,277,2021-05-03,2021-05-06,Delayed
1091,1782,1587,1622,2023-10-18,2023-10-23,In Transit
1092,215,1236,162,2020-01-13,2020-01-19,Delivered
1093,517,1342,1763,2022-11-26,2022-11-27,Delivered
1094,1600,294,949,2022-07-29,2022-08-02,Pending
1095,969,1463,940,2021-08-10,2021-08-16,Pending
1096,903,1610,1463,2021-07-30,2021-08-06,In Transit
1097,1916,87,910,2023-05-06,2023-05-10,Delayed
1098,330,860,831,2020-09-28,2020-09-30,Delivered
1099,1362,4,1757,2022-06-03,2022-06-05,Delayed
1100,1326,1249,176,2022-11-18,2022-11-23,In Transit
1101,203,1544,279,2024-02-08,2024-02-09,Pending
1102,558,506,1242,2024-07-28,2024-08-04,Delivered
1103,1793,1874,124,2022-03-04,2022-03-07,Pending
1104,629,1750,304,2021-08-04,2021-08-07,Delayed
1105,257,114,1830,2022-02-09,2022-02-13,Pending
1106,1866,1561,813,2020-10-20,2020-10-23,Delivered
1107,1692,940,297,2020-06-04,2020-06-06,Delayed
1108,1133,982,265,2024-11-29,2024-12-06,Pending
1109,873,323,549,2023-08-24,2023-08-26,Cancelled
1110,1469,745,1696,2021-04-06,2021-04-11,Delivered
1111,1074,655,1269,2020-11-29,2020-12-03,Delivered
1112,40,1147,1638,2022-02-10,2022-02-16,Delivered
1113,1530,1247,934,2023-09-05,2023-09-10,In Transit
1114,1189,62,1428,2021-12-12,2021-12-19,Delayed
1115,15,1607,1830,2024-04-29,2024-05-04,In Transit
1116,1297,1851,461,2020-01-31,2020-02-02,Pending
1117,371,795,1056,2023-07-12,2023-07-14,Pending
1118,1503,1959,1435,2021-08-08,2021-08-13,Delivered
1119,742,1699,418,2021-03-29,2021-04-03,In Transit
1120,776,1819,813,2023-02-27,2023-03-02,Delivered
1121,1988,1633,958,2024-07-21,2024-07-23,Pending
1122,156,370,1116,2021-02-10,2021-02-17,Delivered
1123,1834,1101,1269,2022-10-13,2022-10-16,Delayed
1124,1910,867,1645,2020-01-06,2020-01-07,Delivered
1125,1381,1130,1809,2020-04-14,2020-04-15,Delivered
1126,4,417,1429,2022-12-16,2022-12-19,Cancelled
1127,1981,1099,1818,2023-02-07,2023-02-11,Cancelled
1128,1579,204,1810,2024-10-08,2024-10-14,Pending
1129,705,378,1426,2020-07-18,2020-07-22,Delivered
1130,536,678,1442,2022-04-16,2022-04-19,Cancelled
1131,948,1413,360,2021-09-25,2021-09-27,Cancelled
1132,713,970,545,2023-10-10,2023-10-16,Delayed
1133,697,1705,1893,2020-12-06,2020-12-08,Pending
1134,928,899,916,2020-07-04,2020-07-07,In Transit
1135,1907,1799,1530,2022-02-23,2022-02-25,Delayed
1136,751,1220,941,2020-03-07,2020-03-12,Pending
1137,1123,593,1813,2020-12-22,2020-12-24,Delayed
1138,1883,60,1282,2020-06-12,2020-06-14,Delayed
1139,746,1246,562,2021-08-22,2021-08-24,Pending
1140,458,1333,748,2023-07-16,2023-07-18,Delayed
1141,181,942,393,2024-09-03,2024-09-09,Delivered
1142,1502,576,680,2023-04-24,2023-05-01,Pending
1143,202,1766,402,2024-12-13,2024-12-19,In Transit
1144,358,739,1004,2024-11-23,2024-11-27,Pending
1145,468,413,1280,2022-10-27,2022-11-02,Delayed
1146,461,1245,1861,2022-09-05,2022-09-10,Delayed
1147,227,1737,788,2023-01-24,2023-01-25,Delayed
1148,896,920,1854,2021-10-11,2021-10-15,Delayed
1149,170,263,1712,2022-06-17,2022-06-22,Cancelled
1150,204,64,190,2023-11-26,2023-11-28,In Transit
1151,1369,334,985,2021-03-16,2021-03-22,Delivered
1152,440,455,1973,2020-06-23,2020-06-26,Delayed
1153,662,1914,1067,2021-07-26,2021-07-30,Delivered
1154,835,1722,861,2020-02-20,2020-02-27,Delivered
1155,1408,1104,862,2024-02-01,2024-02-07,Delivered
1156,1729,1869,1477,2022-01-02,2022-01-06,Delayed
1157,371,1765,2,2020-08-04,2020-08-08,Delivered
1158,853,657,615,2021-09-24,2021-09-25,Delayed
1159,226,1369,1344,2023-08-26,2023-09-02,Delayed
1160,1785,1405,845,2023-09-23,2023-09-27,In Transit
1161,1461,17,1854,2020-06-24,2020-06-29,Delayed
1162,694,717,661,2024-10-14,2024-10-21,In Transit
1163,84,673,284,2022-07-08,2022-07-09,In Transit
1164,435,1781,703,2024-05-01,2024-05-05,Pending
1165,1495,1530,398,2020-09-01,2020-09-06,Delayed
1166,590,184,79,2024-09-17,2024-09-18,Cancelled
1167,1952,598,1741,2020-04-12,2020-04-15,In Transit
1168,1778,1122,1841,2023-11-27,2023-12-03,Delayed
1169,1774,1302,1831,2022-04-04,2022-04-07,Delivered
1170,993,455,1669,2024-03-07,2024-03-08,Delivered
1171,1372,1173,1013,2021-08-18,2021-08-24,Delayed
1172,93,1121,1696,2021-03-06,2021-03-11,In Transit
1173,571,1654,596,2023-07-11,2023-07-17,Delayed
1174,46,348,1685,2022-01-29,2022-02-05,Delivered
1175,1534,553,1587,2023-09-28,2023-10-04,Cancelled
1176,1213,897,1178,2024-11-25,2024-11-27,In Transit
1177,1143,1911,1446,2023-09-03,2023-09-05,Pending
1178,670,869,233,2023-11-02,2023-11-09,Delivered
1179,605,1131,541,2024-03-06,2024-03-11,In Transit
1180,1095,1444,1577,2024-01-10,2024-01-14,Pending
1181,747,1971,79,2023-04-11,2023-04-18,Cancelled
1182,480,1755,1239,2021-02-08,2021-02-09,Pending
1183,1825,1826,1828,2023-10-13,2023-10-20,Delivered
1184,165,1917,1886,2023-12-09,2023-12-12,In Transit
1185,784,1470,1635,2020-10-12,2020-10-15,In Transit
1186,1998,44,1364,2024-09-28,2024-10-03,Delayed
1187,155,1148,1235,2021-01-08,2021-01-12,Pending
1188,1396,403,1615,2020-06-10,2020-06-12,Delayed
1189,1947,620,1132,2021-11-15,2021-11-20,Pending
1190,185,165,1697,2024-04-23,2024-04-25,Cancelled
1191,1515,1042,1480,2022-06-02,2022-06-08,In Transit
1192,1858,1176,1032,2022-05-25,2022-05-28,Delayed
1193,131,1604,1575,2020-03-01,2020-03-02,In Transit
1194,552,75,874,2023-04-05,2023-04-12,In Transit
1195,1285,400,1499,2024-11-10,2024-11-13,Pending
1196,1823,328,411,2023-07-24,2023-07-26,In Transit
1197,22,379,1031,2022-11-08,2022-11-15,Delayed
1198,872,887,516,2024-11-30,2024-12-05,Cancelled
1199,785,426,688,2024-02-04,2024-02-10,Pending
1200,673,572,206,2020-11-08,2020-11-10,Pending
1201,688,325,65,2021-01-26,2021-01-29,Pending
1202,450,1881,26,2022-06-02,2022-06-08,Pending
1203,719,297,1734,2023-03-05,2023-03-06,Cancelled
1204,1199,422,1982,2021-09-09,2021-09-13,Pending
1205,377,1456,1102,2021-11-20,2021-11-24,Pending
1206,470,1580,31,2020-03-18,2020-03-25,Cancelled
1207,512,1754,526,2020-01-10,2020-01-13,Delivered
1208,659,1139,1086,2020-09-26,2020-09-28,Delivered
1209,1872,1231,110,2021-09-08,2021-09-10,In Transit
1210,1366,525,117,2020-12-14,2020-12-18,Delayed
1211,1498,1603,447,2024-12-01,2024-12-07,Delayed
1212,1461,1155,87,2023-06-02,2023-06-04,Delayed
1213,538,1978,1259,2023-09-30,2023-10-06,Delayed
1214,1434,1840,522,2022-01-13,2022-01-14,Cancelled
1215,868,674,211,2021-08-22,2021-08-27,Cancelled
1216,1636,1003,772,2021-10-03,2021-10-05,In Transit
1217,803,1952,520,2024-03-03,2024-03-10,Cancelled
1218,781,1118,194,2022-02-09,2022-02-11,Delayed
1219,763,1386,557,2020-04-07,2020-04-08,Delivered
1220,1174,1154,538,2022-07-06,2022-07-12,Pending
1221,875,790,205,2024-01-02,2024-01-04,Delivered
1222,533,339,180,2022-03-29,2022-04-04,Delayed
1223,1999,704,1207,2021-08-27,2021-08-28,Pending
1224,720,1751,942,2022-06-20,2022-06-22,Pending
1225,412,286,1684,2021-01-18,2021-01-19,Delayed
1226,56,1193,1269,2021-02-03,2021-02-08,In Transit
1227,10,907,1055,2021-04-10,2021-04-17,In Transit
1228,729,1728,1343,2022-11-26,2022-11-28,Cancelled
1229,908,207,1548,2021-09-09,2021-09-15,Delayed
1230,80,823,1899,2024-02-11,2024-02-14,Delivered
1231,1570,111,120,2022-07-13,2022-07-18,Delayed
1232,1535,675,1759,2024-09-29,2024-10-01,In Transit
1233,972,820,1294,2021-07-01,2021-07-06,Delayed
1234,1190,1080,1435,2024-02-03,2024-02-06,Pending
1235,856,828,240,2023-07-13,2023-07-17,Pending
1236,1606,1,975,2022-09-24,2022-09-27,In Transit
1237,1155,1890,616,2021-03-03,2021-03-06,Delivered
1238,1936,863,229,2020-10-01,2020-10-04,Delayed
1239,861,1474,989,2023-08-18,2023-08-20,Cancelled
1240,1901,1541,1675,2020-09-03,2020-09-09,In Transit
1241,324,12,458,2021-02-05,2021-02-12,In Transit
1242,1982,1951,866,2022-12-30,2023-01-02,In Transit
1243,259,1649,568,2022-10-03,2022-10-10,Pending
1244,353,1330,1900,2022-12-15,2022-12-18,Pending
1245,858,800,828,2023-04-12,2023-04-17,In Transit
1246,1496,1010,1731,2022-05-23,2022-05-25,Delivered
1247,1849,267,777,2024-08-25,2024-08-26,Pending
1248,1524,1755,1004,2021-01-26,2021-01-28,In Transit
1249,993,79,542,2024-05-31,2024-06-01,Delivered
1250,1674,1983,921,2022-10-21,2022-10-22,Pending
1251,487,642,1531,2020-06-10,2020-06-11,Pending
1252,1815,989,156,2023-10-05,2023-10-06,Pending
1253,752,503,292,2023-12-02,2023-12-08,Cancelled
1254,222,503,1221,2024-12-07,2024-12-08,Pending
1255,1914,1542,316,2020-08-06,2020-08-07,Pending
1256,852,552,1133,2020-11-07,2020-11-14,In Transit
1257,509,350,180,2023-05-22,2023-05-24,In Transit
1258,1990,366,1756,2022-03-22,2022-03-24,In Transit
1259,156,1100,1182,2022-01-27,2022-01-30,In Transit
1260,442,543,1808,2024-01-02,2024-01-08,Pending
1261,1794,1340,1357,2023-07-18,2023-07-23,Cancelled
1262,644,10,1369,2024-03-07,2024-03-13,Delayed
1263,572,145,1871,2021-11-16,2021-11-22,Delayed
1264,1468,431,665,2024-12-09,2024-12-14,Pending
1265,1762,1580,1722,2022-07-02,2022-07-03,Delivered
1266,1732,249,865,2023-12-13,2023-12-19,Pending
1267,1921,1175,1569,2020-02-10,2020-02-14,Pending
1268,1648,1790,867,2024-04-19,2024-04-21,Delayed
1269,1741,1493,664,2021-07-26,2021-08-02,Cancelled
1270,656,464,1805,2022-08-26,2022-09-01,Delayed
1271,1741,1444,786,2023-11-04,2023-11-10,Pending
1272,163,1987,556,2020-07-10,2020-07-15,Cancelled
1273,1725,1709,496,2024-10-10,2024-10-16,In Transit
1274,258,278,104,2024-11-09,2024-11-11,Cancelled
1275,250,1491,324,2023-05-27,2023-05-29,In Transit
1276,442,1287,108,2024-01-17,2024-01-19,Pending
1277,535,1028,1254,2022-12-08,2022-12-12,Pending
1278,448,1016,98,2021-01-10,2021-01-17,Cancelled
1279,981,61,1591,2021-12-09,2021-12-14,Delivered
1280,919,223,1064,2023-02-25,2023-02-28,Delayed
1281,974,1940,145,2022-04-24,2022-04-27,Delivered
1282,1629,390,1949,2021-03-31,2021-04-03,Delivered
1283,2000,914,136,2021-06-29,2021-07-06,In Transit
1284,1856,1961,233,2021-07-09,2021-07-12,In Transit
1285,1022,874,1982,2023-11-13,2023-11-20,Delivered
1286,343,347,248,2020-10-01,2020-10-02,In Transit
1287,274,350,1610,2021-09-21,2021-09-23,Cancelled
1288,935,134,261,2024-10-24,2024-10-27,Pending
1289,1968,1340,150,2021-02-02,2021-02-09,In Transit
1290,1362,937,1272,2021-08-13,2021-08-17,Cancelled
1291,908,813,759,2023-03-01,2023-03-02,In Transit
1292,1907,529,43,2021-10-17,2021-10-19,Delivered
1293,1791,600,1906,2023-12-10,2023-12-13,Pending
1294,153,986,1315,2023-12-08,2023-12-10,Pending
1295,474,365,801,2022-04-27,2022-05-01,Delayed
1296,159,321,679,2023-02-03,2023-02-07,In Transit
1297,1914,1092,1176,2024-02-16,2024-02-23,Pending
1298,1535,1767,1573,2022-03-13,2022-03-18,Delayed
1299,194,1310,1077,2024-05-08,2024-05-12,Pending
1300,833,296,1341,2024-03-03,2024-03-04,In Transit
1301,765,1739,520,2023-11-09,2023-11-14,Delayed
1302,1130,1067,88,2023-12-08,2023-12-11,In Transit
1303,1151,1034,1946,2022-11-14,2022-11-18,Delayed
1304,1987,1571,737,2024-12-21,2024-12-23,In Transit
1305,610,1949,708,2021-01-12,2021-01-14,Delivered
1306,200,500,1830,2020-05-13,2020-05-20,Cancelled
1307,865,30,98,2023-08-02,2023-08-04,In Transit
1308,1270,1053,729,2021-08-11,2021-08-17,Delivered
1309,823,789,351,2022-07-11,2022-07-16,Delayed
1310,1690,697,1889,2022-01-01,2022-01-02,Delayed
1311,144,692,277,2021-07-29,2021-08-02,Cancelled
1312,177,1012,940,2021-08-14,2021-08-15,Pending
1313,476,1807,1274,2020-08-16,2020-08-21,Cancelled
1314,659,1446,200,2022-01-11,2022-01-18,Cancelled
1315,1242,452,758,2023-09-29,2023-09-30,Delayed
1316,62,1049,147,2022-01-24,2022-01-27,Delivered
1317,1504,770,1078,2023-12-06,2023-12-08,In Transit
1318,338,1000,1748,2022-08-15,2022-08-22,In Transit
1319,927,1783,807,2022-05-01,2022-05-05,Cancelled
1320,1359,486,371,2020-07-21,2020-07-25,In Transit
1321,371,69,1907,2020-01-20,2020-01-27,In Transit
1322,1390,901,419,2020-04-03,2020-04-08,Delivered
1323,1836,957,483,2020-04-10,2020-04-14,Delayed
1324,631,331,1089,2022-08-07,2022-08-09,Cancelled
1325,611,126,1097,2021-05-20,2021-05-26,Pending
1326,1621,985,482,2022-04-21,2022-04-27,Pending
1327,715,1167,89,2023-11-15,2023-11-16,In Transit
1328,1744,1760,513,2020-07-13,2020-07-16,Delayed
1329,207,615,1202,2023-11-20,2023-11-22,Delivered
1330,363,1551,1235,2022-12-18,2022-12-23,Pending
1331,1175,607,1510,2020-06-02,2020-06-09,Cancelled
1332,1984,1858,1293,2020-01-10,2020-01-13,Pending
1333,146,55,1269,2024-12-13,2024-12-15,Delivered
1334,1549,30,1636,2023-01-11,2023-01-17,Pending
1335,1512,1237,306,2022-08-01,2022-08-05,In Transit
1336,813,1587,1543,2022-08-07,2022-08-09,In Transit
1337,1143,510,1624,2024-05-16,2024-05-21,In Transit
1338,1116,1250,1134,2020-07-11,2020-07-13,Delivered
1339,1474,1414,159,2023-05-01,2023-05-06,Cancelled
1340,1281,1331,144,2024-11-11,2024-11-12,Delayed
1341,783,1103,1328,2023-05-15,2023-05-17,Pending
1342,10,669,90,2021-12-29,2022-01-03,In Transit
1343,1740,861,222,2020-04-29,2020-04-30,Delayed
1344,235,1392,799,2022-01-27,2022-02-02,Delayed
1345,1020,826,266,2024-09-19,2024-09-24,Cancelled
1346,349,1129,1406,2020-03-15,2020-03-18,Delayed
1347,1874,962,583,2021-01-03,2021-01-05,In Transit
1348,753,867,464,2024-04-17,2024-04-19,Pending
1349,1821,1019,1688,2020-06-11,2020-06-12,In Transit
1350,575,877,1090,2020-01-06,2020-01-08,In Transit
1351,55,919,1206,2021-05-15,2021-05-19,Delayed
1352,636,1313,1874,2021-03-31,2021-04-07,Pending
1353,39,1499,72,2024-01-20,2024-01-24,Cancelled
1354,1524,614,1857,2020-09-15,2020-09-19,Delivered
1355,373,834,1135,2024-07-21,2024-07-28,Pending
1356,532,1921,802,2024-05-11,2024-05-18,Cancelled
1357,1817,791,585,2022-01-26,2022-02-01,In Transit
1358,1996,869,281,2023-12-08,2023-12-15,Delayed
1359,1214,181,1398,2022-02-28,2022-03-06,Cancelled
1360,1283,483,1728,2023-03-21,2023-03-26,Cancelled
1361,1181,756,558,2024-09-17,2024-09-19,Delivered
1362,1613,240,1413,2020-02-16,2020-02-21,Pending
1363,1745,1443,1308,2024-01-12,2024-01-19,Pending
1364,598,825,1024,2020-02-25,2020-02-28,Cancelled
1365,96,700,636,2021-05-07,2021-05-09,In Transit
1366,1590,921,1366,2021-03-18,2021-03-25,Pending
1367,361,349,849,2023-11-07,2023-11-13,Cancelled
1368,1263,714,547,2024-06-17,2024-06-18,Cancelled
1369,3,1470,1877,2021-09-25,2021-09-29,Pending
1370,1283,1510,1627,2022-02-22,2022-03-01,Pending
1371,322,97,1307,2024-07-01,2024-07-07,Delayed
1372,491,1487,1183,2024-08-31,2024-09-06,Delayed
1373,886,792,1033,2021-12-03,2021-12-07,Delayed
1374,1821,1758,564,2021-12-22,2021-12-28,Pending
1375,134,1300,1044,2020-05-15,2020-05-16,In Transit
1376,1003,634,1557,2022-02-19,2022-02-21,In Transit
1377,509,1738,1601,2024-12-07,2024-12-13,Delayed
1378,1974,1496,713,2024-11-25,2024-12-02,In Transit
1379,1195,1290,1777,2020-10-19,2020-10-21,Delayed
1380,1491,974,854,2022-05-07,2022-05-09,Delayed
1381,932,1583,316,2021-06-02,2021-06-03,Delayed
1382,848,122,582,2020-06-14,2020-06-15,Cancelled
1383,260,1,1203,2022-04-01,2022-04-07,Cancelled
1384,1300,1502,544,2022-11-15,2022-11-19,Cancelled
1385,1580,1903,896,2023-04-13,2023-04-16,Delayed
1386,377,407,1134,2021-04-06,2021-04-09,Pending
1387,1775,1771,1243,2024-11-08,2024-11-11,Delivered
1388,295,134,1954,2022-03-31,2022-04-04,In Transit
1389,952,1661,962,2021-08-20,2021-08-22,Delayed
1390,1482,10,1657,2021-02-27,2021-03-04,Delivered
1391,617,433,1194,2022-07-06,2022-07-07,Delayed
1392,1883,1977,583,2021-06-24,2021-06-30,Cancelled
1393,1150,358,333,2024-08-26,2024-08-30,In Transit
1394,209,260,623,2022-08-21,2022-08-23,Delayed
1395,983,1176,148,2023-11-03,2023-11-09,Cancelled
1396,1339,1611,591,2023-07-21,2023-07-24,Delayed
1397,716,206,123,2020-06-12,2020-06-13,Cancelled
1398,696,1034,1543,2024-11-13,2024-11-15,In Transit
1399,46,1249,1216,2021-10-11,2021-10-14,In Transit
1400,838,469,1444,2023-08-16,2023-08-18,Pending
1401,327,278,249,2022-05-23,2022-05-29,Delivered
1402,1694,1885,1710,2024-01-02,2024-01-03,In Transit
1403,217,5,156,2024-06-12,2024-06-13,In Transit
1404,1953,23,738,2022-01-28,2022-02-04,In Transit
1405,726,218,468,2023-08-13,2023-08-18,Delayed
1406,213,275,794,2022-08-19,2022-08-26,Pending
1407,131,135,1264,2024-07-10,2024-07-14,Delayed
1408,1681,1205,504,2022-03-19,2022-03-20,Delayed
1409,1823,1779,1593,2022-10-02,2022-10-09,Delivered
1410,745,1962,1178,2024-05-08,2024-05-10,Pending
1411,1762,1798,691,2024-05-31,2024-06-06,Delayed
1412,1426,1890,1462,2024-01-15,2024-01-21,Delivered
1413,959,1280,481,2023-02-12,2023-02-15,Cancelled
1414,850,1309,1619,2023-09-28,2023-10-04,Pending
1415,478,713,873,2024-11-12,2024-11-14,Pending
1416,902,1574,1400,2022-12-29,2023-01-04,Delivered
1417,166,124,1500,2023-07-20,2023-07-25,Delivered
1418,459,1699,138,2023-01-25,2023-01-30,Delayed
1419,861,1059,395,2020-01-08,2020-01-14,Pending
1420,1727,272,1994,2024-04-27,2024-05-04,Delivered
1421,563,1534,147,2023-02-25,2023-03-04,In Transit
1422,384,334,808,2023-04-15,2023-04-16,Pending
1423,461,677,1442,2020-05-10,2020-05-13,Delivered
1424,1354,1053,1523,2022-09-23,2022-09-28,Cancelled
1425,1143,961,15,2024-04-01,2024-04-04,Delivered
1426,38,1546,21,2023-08-09,2023-08-13,Cancelled
1427,800,101,867,2024-07-30,2024-08-02,Pending
1428,1513,200,621,2023-10-10,2023-10-17,Delayed
1429,470,831,315,2022-09-23,2022-09-27,In Transit
1430,1377,994,1427,2021-05-27,2021-05-28,Delivered
1431,715,541,247,2020-08-15,2020-08-21,In Transit
1432,668,735,871,2021-09-16,2021-09-20,Delivered
1433,1226,314,438,2020-11-24,2020-11-29,Pending
1434,1197,1395,1397,2021-07-24,2021-07-30,Delayed
1435,709,134,1567,2023-06-25,2023-06-28,Cancelled
1436,640,932,1320,2020-10-19,2020-10-26,In Transit
1437,11,879,106,2024-06-02,2024-06-08,Cancelled
1438,927,1522,927,2020-07-14,2020-07-18,Pending
1439,1208,1211,311,2023-04-28,2023-05-04,Cancelled
1440,370,1708,699,2021-07-17,2021-07-19,Delivered
1441,1047,474,280,2024-05-02,2024-05-05,Delayed
1442,271,1286,1537,2020-05-27,2020-05-30,In Transit
1443,1653,408,271,2020-02-25,2020-02-26,Delayed
1444,953,1792,1327,2024-02-05,2024-02-11,Pending
1445,784,1862,1658,2022-11-29,2022-12-04,In Transit
1446,1808,1276,891,2022-04-19,2022-04-22,Delayed
1447,775,1780,465,2020-07-05,2020-07-06,Delivered
1448,859,1995,667,2024-02-11,2024-02-15,Delayed
1449,882,686,1782,2023-05-23,2023-05-30,Delivered
1450,1889,1652,631,2020-07-23,2020-07-27,Pending
1451,1005,1925,479,2021-10-18,2021-10-24,Delayed
1452,447,743,1077,2022-11-29,2022-12-05,Delayed
1453,88,985,322,2024-11-14,2024-11-16,Cancelled
1454,625,924,1184,2024-10-09,2024-10-14,Pending
1455,226,193,1134,2021-09-08,2021-09-11,Cancelled
1456,201,568,625,2023-01-24,2023-01-29,Pending
1457,1260,619,817,2024-08-03,2024-08-07,Delayed
1458,1185,1562,1582,2023-04-06,2023-04-07,Pending
1459,1886,1694,128,2020-12-30,2020-12-31,Cancelled
1460,1061,493,870,2021-11-11,2021-11-17,Cancelled
1461,1178,1191,946,2024-05-10,2024-05-16,Delivered
1462,1529,1464,1857,2024-08-07,2024-08-09,Cancelled
1463,886,502,721,2023-03-20,2023-03-23,Delayed
1464,404,992,553,2023-12-19,2023-12-23,Delayed
1465,236,1429,139,2020-10-23,2020-10-27,Delivered
1466,1093,287,416,2020-01-15,2020-01-21,Pending
1467,1359,1579,1135,2022-07-09,2022-07-15,Delivered
1468,891,1795,1876,2023-05-25,2023-05-29,Delayed
1469,1502,1289,1153,2024-07-13,2024-07-18,Cancelled
1470,1966,917,1384,2023-02-15,2023-02-19,In Transit
1471,1730,471,8,2023-05-31,2023-06-05,Delivered
1472,1565,1766,82,2020-08-10,2020-08-15,Cancelled
1473,723,1930,341,2020-10-13,2020-10-15,Pending
1474,1571,1685,818,2023-01-28,2023-01-29,Delivered
1475,448,1313,371,2023-02-20,2023-02-23,Delayed
1476,1268,990,720,2022-06-21,2022-06-27,Pending
1477,100,689,816,2020-12-07,2020-12-12,Cancelled
1478,46,49,489,2024-06-04,2024-06-07,In Transit
1479,552,421,1979,2020-02-04,2020-02-11,Cancelled
1480,356,1775,1336,2022-07-23,2022-07-24,Cancelled
1481,29,1676,1128,2021-12-11,2021-12-17,Delivered
1482,308,8,1655,2022-11-17,2022-11-23,In Transit
1483,863,275,1023,2020-07-27,2020-08-01,In Transit
1484,1027,556,462,2021-05-01,2021-05-02,Delayed
1485,1104,1017,989,2021-10-19,2021-10-23,In Transit
1486,1168,1305,1362,2020-09-23,2020-09-26,Cancelled
1487,1111,205,279,2021-12-14,2021-12-19,Delivered
1488,1655,1811,1268,2021-08-05,2021-08-12,In Transit
1489,1687,312,521,2021-12-04,2021-12-07,Delivered
1490,615,411,1804,2020-04-10,2020-04-14,Pending
1491,518,1000,577,2022-12-23,2022-12-30,Pending
1492,185,1389,896,2021-12-18,2021-12-19,Pending
1493,327,1833,1504,2021-06-11,2021-06-17,Cancelled
1494,968,1969,1035,2022-02-20,2022-02-25,Pending
1495,690,243,544,2022-05-22,2022-05-28,Pending
1496,1416,332,1812,2021-02-07,2021-02-09,Pending
1497,282,201,1565,2022-08-11,2022-08-18,In Transit
1498,987,1450,1937,2021-10-15,2021-10-18,Delayed
1499,1255,1354,311,2021-01-13,2021-01-16,Delayed
1500,1218,1494,927,2023-01-20,2023-01-26,Cancelled
1501,1066,144,549,2021-12-16,2021-12-19,Pending
1502,893,597,743,2023-09-04,2023-09-06,Cancelled
1503,1713,635,937,2022-04-15,2022-04-18,Delivered
1504,458,1863,502,2023-03-08,2023-03-10,Delivered
1505,1946,1629,237,2021-12-03,2021-12-04,Delivered
1506,273,1952,856,2021-05-14,2021-05-20,Delayed
1507,1404,480,1762,2024-05-14,2024-05-17,Cancelled
1508,1741,946,1254,2023-01-22,2023-01-27,Cancelled
1509,607,763,1379,2021-09-18,2021-09-24,Cancelled
1510,1388,1454,48,2020-07-16,2020-07-20,In Transit
1511,1580,1988,429,2020-04-02,2020-04-08,Delivered
1512,1233,1336,1240,2024-04-24,2024-04-29,Delayed
1513,548,118,817,2023-12-28,2023-12-29,Pending
1514,841,760,106,2020-01-09,2020-01-16,Cancelled
1515,1109,1547,51,2022-03-11,2022-03-14,Pending
1516,808,176,37,2021-12-12,2021-12-19,Delivered
1517,1220,292,788,2021-10-19,2021-10-20,In Transit
1518,1278,1858,1647,2024-10-14,2024-10-20,Cancelled
1519,706,687,1166,2024-02-21,2024-02-24,In Transit
1520,540,1586,556,2020-05-15,2020-05-21,Delayed
1521,1648,1687,1468,2020-06-07,2020-06-10,Pending
1522,1594,1997,176,2020-05-01,2020-05-07,Cancelled
1523,1463,1502,672,2022-09-26,2022-09-27,Delayed
1524,1545,1246,419,2021-05-16,2021-05-17,Cancelled
1525,1535,831,1483,2023-12-04,2023-12-08,Cancelled
1526,684,1228,980,2022-03-10,2022-03-11,Cancelled
1527,129,1349,595,2021-02-02,2021-02-07,Delivered
1528,1292,1972,765,2024-08-15,2024-08-16,Delivered
1529,613,1980,1647,2020-12-26,2020-12-29,Pending
1530,1762,279,599,2024-08-05,2024-08-12,Cancelled
1531,129,449,373,2020-02-02,2020-02-07,Pending
1532,1295,1763,210,2020-06-15,2020-06-22,In Transit
1533,1159,421,1158,2021-03-01,2021-03-07,Delivered
1534,79,438,887,2022-12-22,2022-12-24,Delivered
1535,199,801,620,2023-11-10,2023-11-12,In Transit
1536,533,195,899,2021-01-08,2021-01-10,Pending
1537,1535,1400,1361,2021-05-08,2021-05-14,Pending
1538,625,991,713,2022-05-07,2022-05-08,Delivered
1539,460,765,517,2022-04-27,2022-05-02,Delayed
1540,1130,675,239,2024-11-02,2024-11-03,In Transit
1541,913,1849,1727,2022-01-31,2022-02-04,Cancelled
1542,1334,475,1962,2021-11-16,2021-11-23,Cancelled
1543,1940,1468,660,2024-05-23,2024-05-26,Delayed
1544,252,808,337,2024-09-12,2024-09-18,In Transit
1545,593,759,1073,2020-12-09,2020-12-11,Delayed
1546,1777,1675,803,2020-02-03,2020-02-07,In Transit
1547,153,1885,1946,2024-07-08,2024-07-13,Cancelled
1548,406,486,135,2022-12-21,2022-12-24,Delivered
1549,584,806,1991,2020-04-24,2020-04-27,Cancelled
1550,1073,946,45,2022-07-02,2022-07-03,Delayed
1551,477,864,1087,2024-03-27,2024-04-01,Delayed
1552,1083,1733,828,2023-07-15,2023-07-17,Delivered
1553,1340,906,1752,2020-03-10,2020-03-11,Delayed
1554,1980,1574,1738,2020-03-07,2020-03-10,Pending
1555,555,13,259,2022-01-14,2022-01-19,Cancelled
1556,1454,1917,1160,2021-12-07,2021-12-09,In Transit
1557,1258,187,1245,2022-03-03,2022-03-10,In Transit
1558,1289,1709,27,2022-06-17,2022-06-22,Pending
1559,1697,1535,45,2024-06-04,2024-06-09,In Transit
1560,1911,393,1459,2023-07-23,2023-07-27,In Transit
1561,1637,65,1837,2021-01-18,2021-01-19,Cancelled
1562,525,413,101,2023-05-28,2023-05-31,Cancelled
1563,986,1881,869,2021-11-15,2021-11-20,Delivered
1564,803,675,1142,2021-04-08,2021-04-09,Delayed
1565,1642,1274,1944,2022-09-17,2022-09-20,Cancelled
1566,792,648,55,2024-06-10,2024-06-13,Delayed
1567,1134,242,1639,2020-10-25,2020-10-26,In Transit
1568,816,1392,1371,2020-03-16,2020-03-22,Pending
1569,1176,1451,1040,2022-04-15,2022-04-21,Delivered
1570,810,893,1431,2023-04-29,2023-05-03,Delayed
1571,1839,1879,863,2020-08-22,2020-08-25,Delayed
1572,372,1432,1818,2021-01-20,2021-01-22,Delayed
1573,210,1447,12,2020-06-28,2020-07-02,Cancelled
1574,731,787,785,2023-01-26,2023-01-31,Pending
1575,731,1992,814,2023-01-10,2023-01-12,Pending
1576,1526,1327,1368,2021-08-14,2021-08-21,Delivered
1577,206,828,62,2023-08-11,2023-08-16,In Transit
1578,1624,895,774,2023-03-22,2023-03-23,Delivered
1579,11,1982,1729,2023-06-07,2023-06-12,Delivered
1580,469,1702,270,2020-02-20,2020-02-25,Delayed
1581,1538,1546,1160,2020-05-21,2020-05-25,Delivered
1582,777,1108,563,2022-05-08,2022-05-11,Pending
1583,33,617,1025,2021-09-19,2021-09-22,Cancelled
1584,494,1203,1549,2020-05-01,2020-05-02,In Transit
1585,1569,1830,679,2024-09-14,2024-09-19,Cancelled
1586,209,1979,186,2024-07-25,2024-07-28,Pending
1587,51,1499,349,2024-01-23,2024-01-27,Pending
1588,953,1321,1793,2022-02-26,2022-03-02,In Transit
1589,1592,408,801,2022-08-27,2022-08-30,Delayed
1590,1851,1928,1490,2024-08-13,2024-08-20,Delivered
1591,1347,911,1036,2022-04-03,2022-04-10,In Transit
1592,888,75,374,2024-09-03,2024-09-07,Pending
1593,452,475,1121,2024-07-10,2024-07-15,Delayed
1594,1555,1284,889,2022-05-18,2022-05-24,Pending
1595,153,770,1337,2022-04-15,2022-04-19,Pending
1596,386,1639,704,2023-02-17,2023-02-19,Delayed
1597,979,1496,943,2021-03-28,2021-04-03,Cancelled
1598,8,57,1046,2022-01-24,2022-01-30,Delivered
1599,211,1850,619,2022-07-25,2022-07-29,Delayed
1600,1381,1343,413,2022-01-02,2022-01-04,In Transit
1601,644,1801,1050,2022-12-29,2023-01-03,In Transit
1602,1362,474,1061,2020-06-13,2020-06-14,Cancelled
1603,517,822,1308,2023-02-01,2023-02-08,Delivered
1604,134,1771,346,2022-01-29,2022-02-05,Delayed
1605,848,1069,708,2024-11-24,2024-11-26,Delayed
1606,1415,1612,1069,2020-11-04,2020-11-06,Delayed
1607,1902,1577,387,2023-09-22,2023-09-24,Cancelled
1608,566,187,915,2021-12-29,2021-12-31,Delayed
1609,952,1654,1419,2023-03-10,2023-03-16,Pending
1610,698,1225,285,2023-08-20,2023-08-24,Delivered
1611,1440,1775,1297,2022-04-05,2022-04-06,Pending
1612,370,1346,1714,2022-07-09,2022-07-16,Delayed
1613,1027,1905,129,2022-05-12,2022-05-13,In Transit
1614,1373,549,1134,2021-05-27,2021-05-31,Delivered
1615,1765,1654,1316,2022-04-17,2022-04-23,In Transit
1616,1910,834,1936,2022-03-28,2022-03-29,Delivered
1617,917,686,1022,2023-05-16,2023-05-19,In Transit
1618,596,564,847,2020-09-15,2020-09-21,Delayed
1619,701,844,18,2024-04-12,2024-04-13,Delayed
1620,1687,1684,1200,2020-02-06,2020-02-11,Pending
1621,502,1644,480,2020-01-08,2020-01-11,In Transit
1622,307,391,78,2024-09-01,2024-09-07,Pending
1623,1560,284,1026,2021-11-21,2021-11-25,Delivered
1624,1647,1718,1435,2022-03-05,2022-03-07,Delivered
1625,240,1851,194,2023-07-13,2023-07-19,Cancelled
1626,504,1091,1835,2021-11-05,2021-11-08,Delayed
1627,1949,1103,395,2023-05-15,2023-05-17,Cancelled
1628,631,366,317,2022-04-04,2022-04-07,Pending
1629,1241,620,312,2023-03-22,2023-03-25,In Transit
1630,952,815,653,2021-01-10,2021-01-13,Pending
1631,1788,1193,69,2024-04-15,2024-04-22,Delivered
1632,670,1873,1457,2022-08-06,2022-08-09,Delivered
1633,1896,27,1726,2021-12-22,2021-12-29,Delivered
1634,460,1233,1795,2021-09-28,2021-10-03,In Transit
1635,528,699,675,2020-06-08,2020-06-11,Cancelled
1636,26,1825,1886,2021-01-12,2021-01-15,In Transit
1637,777,1712,635,2023-12-19,2023-12-24,Delivered
1638,1325,1213,738,2020-03-26,2020-03-28,Delivered
1639,792,88,1779,2020-01-17,2020-01-19,Delayed
1640,1061,773,784,2020-09-22,2020-09-28,In Transit
1641,791,975,989,2023-05-31,2023-06-03,In Transit
1642,117,1472,629,2022-01-01,2022-01-08,In Transit
1643,1237,853,94,2024-02-25,2024-02-26,Cancelled
1644,490,1860,1943,2023-05-28,2023-05-29,In Transit
1645,1660,1297,348,2020-07-03,2020-07-09,Delayed
1646,80,1941,1041,2023-04-29,2023-05-03,Delivered
1647,1927,1633,1899,2024-11-18,2024-11-21,In Transit
1648,1845,14,84,2022-07-02,2022-07-03,In Transit
1649,934,955,1358,2022-10-08,2022-10-13,Delayed
1650,803,1239,1881,2020-05-13,2020-05-14,Pending
1651,984,991,845,2020-04-24,2020-04-29,Delayed
1652,1898,790,1786,2020-05-25,2020-05-27,Delayed
1653,1966,1503,1443,2022-10-31,2022-11-02,Cancelled
1654,1502,118,1484,2022-02-28,2022-03-04,Cancelled
1655,294,769,1632,2021-06-09,2021-06-10,Pending
1656,1484,1735,86,2023-01-09,2023-01-12,Cancelled
1657,1684,142,1952,2020-06-22,2020-06-23,Delayed
1658,1311,1103,625,2024-12-20,2024-12-25,In Transit
1659,170,648,1340,2020-02-19,2020-02-22,Delayed
1660,954,1562,728,2023-12-11,2023-12-18,In Transit
1661,1410,1083,579,2024-11-08,2024-11-15,In Transit
1662,1517,1357,42,2023-05-23,2023-05-27,Cancelled
1663,1248,1005,1699,2022-05-07,2022-05-11,Delayed
1664,1607,1746,67,2023-10-27,2023-11-01,In Transit
1665,1957,710,1368,2020-10-30,2020-11-02,Cancelled
1666,1919,1905,166,2023-09-27,2023-10-03,In Transit
1667,753,735,1798,2022-04-02,2022-04-09,Cancelled
1668,1465,1153,1875,2023-03-13,2023-03-15,Cancelled
1669,774,1518,922,2023-08-10,2023-08-13,In Transit
1670,1437,1069,1591,2023-03-06,2023-03-12,In Transit
1671,251,1436,1865,2023-09-24,2023-09-28,Delayed
1672,1906,1135,1299,2022-08-03,2022-08-09,Pending
1673,1140,452,1434,2024-11-08,2024-11-11,Delayed
1674,1103,107,19,2021-03-05,2021-03-09,In Transit
1675,979,1165,1061,2021-12-05,2021-12-11,Pending
1676,428,580,1662,2020-06-27,2020-06-29,Cancelled
1677,402,1760,551,2024-09-19,2024-09-24,In Transit
1678,1989,1901,1069,2020-04-07,2020-04-10,Pending
1679,1689,1418,1400,2024-11-25,2024-12-01,Pending
1680,1628,1666,1341,2022-03-23,2022-03-24,Delayed
1681,1093,1817,888,2021-03-06,2021-03-11,Pending
1682,1055,1283,670,2024-05-12,2024-05-13,Delivered
1683,537,1165,1482,2022-08-11,2022-08-12,Delayed
1684,1526,760,1076,2024-06-12,2024-06-13,Pending
1685,1782,254,464,2022-04-14,2022-04-17,In Transit
1686,86,292,380,2022-08-25,2022-08-31,Pending
1687,337,1230,936,2021-11-24,2021-11-25,Delivered
1688,1535,140,940,2024-10-16,2024-10-19,In Transit
1689,353,1748,843,2024-02-15,2024-02-17,Pending
1690,1945,1295,37,2024-02-12,2024-02-16,Delivered
1691,1820,893,1029,2021-05-25,2021-05-29,Cancelled
1692,1864,661,1062,2024-10-04,2024-10-05,In Transit
1693,1484,104,1355,2021-07-02,2021-07-08,Pending
1694,443,1175,706,2023-08-05,2023-08-08,Delivered
1695,658,965,952,2024-01-09,2024-01-12,Delayed
1696,1018,1134,1483,2020-10-21,2020-10-22,Delivered
1697,31,1102,1244,2023-08-30,2023-09-06,Pending
1698,964,86,1910,2020-09-02,2020-09-08,Delayed
1699,1835,398,1573,2024-02-29,2024-03-03,Delivered
1700,1613,989,1038,2024-05-07,2024-05-14,Delivered
1701,1247,1653,1452,2022-03-05,2022-03-12,In Transit
1702,866,1735,441,2024-05-01,2024-05-04,Delayed
1703,1683,1877,1026,2024-05-12,2024-05-15,Delivered
1704,1059,1599,1674,2024-01-31,2024-02-02,Cancelled
1705,863,99,678,2020-12-30,2020-12-31,Delayed
1706,562,1157,1897,2020-05-04,2020-05-06,Pending
1707,738,1837,1076,2020-10-23,2020-10-30,In Transit
1708,403,1728,1140,2020-12-13,2020-12-20,Delivered
1709,1029,1531,1666,2020-05-27,2020-05-30,Cancelled
1710,1354,1245,1425,2021-08-31,2021-09-04,Delivered
1711,1671,560,1845,2021-03-29,2021-04-01,In Transit
1712,830,1577,877,2024-07-30,2024-08-03,Pending
1713,875,1718,975,2021-08-10,2021-08-13,In Transit
1714,730,563,345,2022-03-30,2022-04-04,Delivered
1715,1057,1029,1746,2024-07-05,2024-07-06,Delivered
1716,376,814,1183,2022-12-26,2022-12-29,Delivered
1717,1238,801,446,2020-10-07,2020-10-11,Delivered
1718,1577,1199,962,2023-01-08,2023-01-10,Delivered
1719,1087,1432,1203,2024-05-04,2024-05-06,Cancelled
1720,986,750,1460,2024-01-31,2024-02-06,Delayed
1721,1255,416,1741,2023-02-09,2023-02-16,In Transit
1722,360,886,824,2024-11-01,2024-11-04,In Transit
1723,1590,301,753,2021-09-22,2021-09-28,Cancelled
1724,233,1469,1666,2024-05-22,2024-05-28,Delayed
1725,567,613,225,2021-07-18,2021-07-23,Pending
1726,789,276,1504,2022-01-20,2022-01-24,Pending
1727,252,639,798,2021-11-17,2021-11-18,Pending
1728,1928,1214,1264,2024-08-25,2024-08-31,Delivered
1729,1194,1098,457,2021-07-16,2021-07-19,Cancelled
1730,1667,1194,1621,2020-11-24,2020-11-29,Pending
1731,1109,574,557,2021-01-19,2021-01-23,Delivered
1732,1182,1571,862,2020-07-04,2020-07-11,In Transit
1733,774,750,1327,2020-11-16,2020-11-21,In Transit
1734,560,493,930,2021-04-03,2021-04-08,Delayed
1735,1043,1552,227,2021-11-07,2021-11-12,Pending
1736,355,283,483,2020-04-25,2020-04-26,Delivered
1737,1974,1710,222,2020-06-12,2020-06-15,Cancelled
1738,21,1143,109,2023-04-02,2023-04-08,Cancelled
1739,1690,350,154,2024-06-11,2024-06-14,Delayed
1740,246,606,1096,2023-04-13,2023-04-14,In Transit
1741,1560,928,297,2021-09-10,2021-09-12,Cancelled
1742,884,779,370,2021-07-18,2021-07-21,Cancelled
1743,1847,1828,1092,2022-06-03,2022-06-06,Delivered
1744,1461,1692,409,2024-03-27,2024-03-30,Cancelled
1745,264,309,1360,2023-12-20,2023-12-23,Cancelled
1746,595,1221,884,2021-11-22,2021-11-24,Delayed
1747,587,1234,1506,2020-01-26,2020-01-30,In Transit
1748,1123,1136,274,2021-05-30,2021-06-04,Delayed
1749,1100,1634,1445,2022-10-10,2022-10-15,In Transit
1750,1713,915,3,2020-04-23,2020-04-25,Cancelled
1751,1185,1879,894,2023-10-31,2023-11-01,Cancelled
1752,848,312,958,2020-03-23,2020-03-24,Delivered
1753,89,1187,1594,2023-01-08,2023-01-14,Delayed
1754,1590,1343,731,2024-06-20,2024-06-25,Delayed
1755,1906,1220,656,2021-04-13,2021-04-20,Cancelled
1756,437,1229,592,2023-12-11,2023-12-12,Pending
1757,480,1488,514,2023-12-05,2023-12-08,Cancelled
1758,634,397,1722,2023-03-01,2023-03-04,Cancelled
1759,1318,362,369,2022-05-11,2022-05-14,In Transit
1760,1860,421,1527,2021-09-29,2021-10-01,Delayed
1761,1301,1548,410,2021-04-09,2021-04-14,Pending
1762,428,765,915,2022-05-02,2022-05-05,Delivered
1763,600,1521,1820,2024-08-10,2024-08-16,Cancelled
1764,697,201,1048,2024-06-17,2024-06-19,Cancelled
1765,1344,1594,1103,2021-10-15,2021-10-20,In Transit
1766,1674,579,631,2023-10-31,2023-11-04,Pending
1767,1576,955,1217,2024-09-06,2024-09-10,Cancelled
1768,186,1586,217,2023-09-11,2023-09-17,Delayed
1769,674,1263,1658,2024-06-03,2024-06-05,In Transit
1770,1113,618,1453,2022-08-16,2022-08-23,Pending
1771,1535,91,478,2020-12-02,2020-12-04,In Transit
1772,1972,1508,186,2023-01-11,2023-01-13,Cancelled
1773,640,152,1745,2023-04-17,2023-04-21,Delivered
1774,1671,1916,964,2024-06-08,2024-06-12,Delivered
1775,1601,1613,795,2024-04-29,2024-04-30,Cancelled
1776,1738,1030,1309,2022-02-10,2022-02-14,In Transit
1777,1776,274,1545,2021-09-22,2021-09-29,Delayed
1778,1666,8,1749,2020-02-18,2020-02-21,In Transit
1779,761,820,1321,2021-01-22,2021-01-26,Pending
1780,1845,537,1314,2023-09-22,2023-09-27,Cancelled
1781,1867,1716,1240,2021-03-25,2021-03-29,Pending
1782,1613,1979,1514,2020-05-29,2020-06-03,In Transit
1783,1066,1488,621,2022-12-18,2022-12-20,Cancelled
1784,1913,1628,302,2022-08-19,2022-08-25,Delivered
1785,1972,1847,1616,2020-09-18,2020-09-20,Delivered
1786,1640,724,1038,2022-06-26,2022-06-30,Cancelled
1787,724,1695,296,2022-10-04,2022-10-05,Pending
1788,1625,1056,215,2024-02-09,2024-02-12,Cancelled
1789,596,1993,1593,2021-04-21,2021-04-23,Delivered
1790,1366,162,682,2022-04-03,2022-04-10,Pending
1791,281,1145,237,2021-05-28,2021-06-02,Delivered
1792,1595,1406,222,2024-01-15,2024-01-21,In Transit
1793,1048,205,288,2020-07-30,2020-08-05,Pending
1794,747,1219,1115,2023-07-22,2023-07-28,Pending
1795,893,375,656,2022-12-07,2022-12-08,Delivered
1796,636,1632,1326,2023-04-21,2023-04-27,Delivered
1797,605,295,158,2024-11-20,2024-11-24,Cancelled
1798,541,816,1042,2021-09-19,2021-09-25,Delivered
1799,182,1665,364,2021-12-19,2021-12-20,Delivered
1800,349,118,25,2020-01-20,2020-01-26,Delivered
1801,999,990,1508,2024-02-23,2024-02-29,Delivered
1802,540,480,895,2022-09-21,2022-09-26,Cancelled
1803,1627,286,367,2021-11-10,2021-11-11,Cancelled
1804,17,1976,13,2022-02-06,2022-02-12,Cancelled
1805,961,786,531,2021-05-25,2021-06-01,Delayed
1806,742,1946,647,2024-09-16,2024-09-18,In Transit
1807,1639,86,1322,2021-07-08,2021-07-12,Pending
1808,1070,1155,909,2022-08-20,2022-08-26,Delayed
1809,1729,233,1527,2020-10-04,2020-10-10,In Transit
1810,1250,1832,355,2022-08-09,2022-08-11,Delayed
1811,477,414,248,2022-03-30,2022-04-06,Cancelled
1812,943,531,1115,2022-09-06,2022-09-12,Delivered
1813,236,996,817,2022-06-16,2022-06-19,Delayed
1814,1229,1635,803,2021-10-26,2021-10-30,Delayed
1815,430,477,1206,2022-03-30,2022-04-01,Pending
1816,1741,532,1354,2023-02-14,2023-02-19,Delivered
1817,666,790,1080,2020-12-11,2020-12-18,Delayed
1818,909,21,1933,2022-03-10,2022-03-17,Delayed
1819,1182,1214,1532,2024-06-13,2024-06-19,Pending
1820,1335,1202,454,2022-03-16,2022-03-21,In Transit
1821,684,1742,692,2022-11-09,2022-11-15,Delayed
1822,1755,1532,12,2024-09-13,2024-09-14,Delivered
1823,440,779,419,2024-10-10,2024-10-11,Delivered
1824,102,649,398,2020-09-18,2020-09-21,Delivered
1825,301,72,35,2022-08-27,2022-08-30,Delayed
1826,1696,52,1538,2024-05-17,2024-05-23,Delayed
1827,1962,371,531,2021-02-28,2021-03-06,Delivered
1828,502,1568,122,2022-09-02,2022-09-03,Delivered
1829,800,1210,450,2022-11-23,2022-11-26,In Transit
1830,268,1022,1127,2020-06-24,2020-06-30,In Transit
1831,1921,1980,1141,2020-04-10,2020-04-11,Pending
1832,949,545,1513,2023-02-27,2023-03-01,Delayed
1833,1248,252,1399,2020-01-07,2020-01-13,Cancelled
1834,220,696,1986,2023-06-19,2023-06-24,Delivered
1835,1147,1352,1789,2020-02-28,2020-03-03,In Transit
1836,1979,558,1522,2021-08-23,2021-08-25,In Transit
1837,750,1121,152,2023-11-06,2023-11-12,Delayed
1838,1901,937,1826,2021-04-13,2021-04-17,Pending
1839,390,542,1537,2021-06-24,2021-06-29,Delayed
1840,1738,572,1083,2022-10-11,2022-10-17,Pending
1841,1925,1537,1690,2023-05-19,2023-05-20,Cancelled
1842,1570,1677,875,2024-04-26,2024-05-01,Pending
1843,962,12,286,2020-10-06,2020-10-13,Delayed
1844,447,1595,401,2023-11-13,2023-11-16,Delivered
1845,499,1259,1808,2024-01-27,2024-01-31,Delivered
1846,1563,823,212,2023-05-27,2023-05-28,Pending
1847,747,732,1722,2022-11-14,2022-11-20,Delivered
1848,1852,628,115,2023-07-08,2023-07-10,In Transit
1849,8,1135,47,2022-12-14,2022-12-21,Delivered
1850,978,1591,1521,2024-02-07,2024-02-11,Delivered
1851,1216,87,1908,2024-12-14,2024-12-20,Cancelled
1852,199,994,1156,2020-04-28,2020-04-30,In Transit
1853,134,1470,240,2020-04-18,2020-04-24,Pending
1854,88,720,838,2024-02-21,2024-02-23,Pending
1855,1945,457,1936,2022-10-31,2022-11-07,Delayed
1856,703,275,447,2023-05-22,2023-05-28,Delivered
1857,577,1394,1378,2020-03-06,2020-03-12,Pending
1858,1017,1352,10,2022-12-02,2022-12-04,In Transit
1859,1978,548,1337,2021-04-13,2021-04-19,Delivered
1860,702,343,1114,2020-03-06,2020-03-10,In Transit
1861,592,114,356,2022-10-02,2022-10-03,Delayed
1862,118,1245,380,2021-01-17,2021-01-23,Cancelled
1863,366,1025,1239,2022-07-18,2022-07-22,Delayed
1864,1891,946,38,2023-02-15,2023-02-20,Delayed
1865,140,218,25,2023-07-22,2023-07-25,Delayed
1866,498,1023,1377,2024-11-05,2024-11-08,In Transit
1867,1698,810,1977,2020-08-23,2020-08-27,Pending
1868,622,449,1449,2024-11-02,2024-11-03,Pending
1869,49,1396,654,2022-12-12,2022-12-15,Cancelled
1870,1281,1557,465,2021-05-27,2021-05-30,Delayed
1871,585,855,351,2023-09-17,2023-09-21,Pending
1872,1620,1006,994,2020-11-09,2020-11-14,In Transit
1873,735,1833,621,2023-02-21,2023-02-27,In Transit
1874,1195,911,1472,2022-04-05,2022-04-11,Pending
1875,1557,227,1370,2023-08-30,2023-09-03,Pending
1876,730,1527,1579,2022-03-07,2022-03-13,Delayed
1877,767,1388,1836,2022-11-15,2022-11-16,Pending
1878,1678,928,1938,2024-10-17,2024-10-22,Delayed
1879,751,1130,907,2021-04-22,2021-04-23,Delivered
1880,1868,1597,1094,2021-10-25,2021-10-31,Pending
1881,30,1461,1450,2021-03-16,2021-03-18,Delivered
1882,1448,1635,490,2023-01-22,2023-01-23,Delayed
1883,1318,1697,65,2020-04-04,2020-04-11,Delivered
1884,1656,830,261,2024-06-09,2024-06-15,Cancelled
1885,1633,1693,331,2021-04-21,2021-04-24,Delayed
1886,1339,144,1453,2021-05-25,2021-05-30,Cancelled
1887,281,1626,1872,2022-09-12,2022-09-16,Delayed
1888,281,1192,1340,2020-09-10,2020-09-11,Delivered
1889,1755,642,1199,2020-10-07,2020-10-11,Cancelled
1890,455,629,1953,2024-07-31,2024-08-05,Pending
1891,671,1221,737,2023-03-03,2023-03-07,Delayed
1892,1492,615,450,2020-06-19,2020-06-24,In Transit
1893,1306,718,1646,2021-08-28,2021-09-04,In Transit
1894,1059,1904,753,2020-08-06,2020-08-08,In Transit
1895,782,1293,1132,2022-09-27,2022-10-01,Delivered
1896,675,96,1941,2021-04-18,2021-04-25,Delivered
1897,38,896,1489,2020-07-30,2020-08-02,Cancelled
1898,847,335,1915,2020-06-03,2020-06-10,In Transit
1899,1960,854,829,2020-03-21,2020-03-28,Pending
1900,1428,1092,1092,2021-07-15,2021-07-20,Cancelled
1901,1030,666,262,2021-08-23,2021-08-27,Cancelled
1902,1137,1959,1043,2024-10-08,2024-10-10,Cancelled
1903,1655,1682,1110,2020-08-27,2020-09-03,In Transit
1904,237,792,1597,2021-12-15,2021-12-18,Delivered
1905,553,1011,837,2023-04-20,2023-04-26,Cancelled
1906,686,304,965,2021-09-08,2021-09-09,Pending
1907,1900,1362,1837,2020-12-31,2021-01-07,In Transit
1908,710,1654,947,2024-08-28,2024-09-04,Delayed
1909,1067,161,1847,2021-06-20,2021-06-24,Cancelled
1910,1840,114,1868,2023-03-03,2023-03-08,Cancelled
1911,385,242,1950,2022-06-02,2022-06-07,Pending
1912,563,1804,805,2021-05-09,2021-05-12,Cancelled
1913,301,725,956,2021-09-03,2021-09-09,Delivered
1914,649,1902,105,2021-08-13,2021-08-18,In Transit
1915,1782,286,1137,2020-11-08,2020-11-12,In Transit
1916,143,1018,1202,2020-04-26,2020-04-30,Cancelled
1917,928,919,106,2022-02-28,2022-03-02,In Transit
1918,1158,1962,1675,2024-10-10,2024-10-11,In Transit
1919,1453,178,1591,2023-08-30,2023-09-05,Delayed
1920,451,1488,900,2021-12-13,2021-12-18,Delivered
1921,789,932,1672,2021-10-18,2021-10-19,Cancelled
1922,1922,809,1140,2023-09-14,2023-09-17,Delivered
1923,72,1407,1459,2022-11-04,2022-11-11,Delayed
1924,1800,394,139,2024-05-30,2024-06-06,Delivered
1925,1331,1174,492,2024-04-22,2024-04-27,In Transit
1926,583,1816,1637,2021-10-03,2021-10-08,Cancelled
1927,604,1125,31,2020-03-05,2020-03-06,Cancelled
1928,240,817,1270,2023-01-24,2023-01-28,Cancelled
1929,402,58,1703,2023-07-30,2023-08-01,In Transit
1930,142,1995,331,2024-02-19,2024-02-25,Pending
1931,1906,1875,1290,2020-02-14,2020-02-20,Cancelled
1932,1113,661,1866,2021-07-13,2021-07-18,Delayed
1933,757,1166,268,2021-05-28,2021-06-01,Delayed
1934,341,1137,67,2024-04-07,2024-04-10,Pending
1935,334,1189,280,2023-11-08,2023-11-12,Delayed
1936,1612,297,1236,2023-11-25,2023-11-28,Delivered
1937,578,1953,1789,2023-01-18,2023-01-22,Delayed
1938,1757,1490,1991,2021-05-11,2021-05-18,Cancelled
1939,409,1143,1506,2022-06-29,2022-07-02,Cancelled
1940,75,35,242,2023-01-29,2023-01-30,Delivered
1941,1711,11,1733,2024-01-09,2024-01-15,In Transit
1942,1682,1787,405,2021-03-17,2021-03-23,Delayed
1943,1197,46,1123,2023-12-19,2023-12-20,Delivered
1944,463,161,1232,2022-08-12,2022-08-13,Delivered
1945,1301,1123,1948,2023-01-07,2023-01-11,Delivered
1946,442,1252,1223,2020-01-23,2020-01-24,Delayed
1947,1973,1174,1983,2024-04-13,2024-04-14,Delayed
1948,566,863,1295,2020-11-13,2020-11-18,Delivered
1949,1489,1165,1313,2023-09-17,2023-09-19,Delivered
1950,412,571,756,2023-09-05,2023-09-08,Delayed
1951,1293,492,632,2023-07-16,2023-07-22,Pending
1952,1246,1539,971,2021-10-09,2021-10-10,Cancelled
1953,1638,274,641,2023-05-12,2023-05-17,Cancelled
1954,1018,738,1293,2021-10-25,2021-10-28,Pending
1955,167,1242,1462,2020-03-30,2020-04-05,Delayed
1956,42,1066,1452,2023-06-04,2023-06-10,Pending
1957,1638,326,877,2020-05-26,2020-05-30,In Transit
1958,1154,1255,1484,2020-02-07,2020-02-10,Delivered
1959,141,1347,1772,2024-11-03,2024-11-06,Delivered
1960,1732,1102,1740,2020-07-19,2020-07-26,Pending
1961,835,1761,954,2024-01-07,2024-01-10,In Transit
1962,1399,1698,1743,2024-09-23,2024-09-25,Delayed
1963,1831,1520,140,2022-01-01,2022-01-04,Cancelled
1964,1578,1732,300,2022-08-28,2022-09-03,In Transit
1965,742,1965,273,2024-12-11,2024-12-17,Delayed
1966,1442,486,990,2022-05-30,2022-06-05,Delayed
1967,967,1832,1946,2020-12-17,2020-12-22,Pending
1968,934,584,952,2023-09-22,2023-09-27,Delayed
1969,1564,506,1417,2024-09-20,2024-09-21,Cancelled
1970,458,356,567,2022-08-19,2022-08-23,In Transit
1971,474,1902,1400,2021-02-19,2021-02-26,Delayed
1972,3,407,1511,2024-03-11,2024-03-14,In Transit
1973,1937,1739,535,2022-11-20,2022-11-22,Delivered
1974,1491,1027,592,2024-11-23,2024-11-27,Pending
1975,1635,984,1967,2023-04-11,2023-04-14,Delayed
1976,639,1890,1793,2022-10-25,2022-10-30,Delivered
1977,332,134,1582,2021-11-22,2021-11-23,Delayed
1978,1052,1259,1407,2020-01-27,2020-01-29,Delivered
1979,913,1578,1876,2020-06-06,2020-06-11,Pending
1980,1132,1795,626,2023-01-30,2023-02-03,Pending
1981,755,543,1596,2024-11-22,2024-11-23,Delayed
1982,361,1755,1053,2021-04-21,2021-04-26,Delayed
1983,636,1845,347,2023-01-04,2023-01-07,Delayed
1984,563,1308,616,2020-04-30,2020-05-03,Cancelled
1985,933,725,1879,2023-11-24,2023-11-26,Pending
1986,1868,1860,1306,2020-01-13,2020-01-16,Delayed
1987,1476,1757,288,2021-07-01,2021-07-02,In Transit
1988,908,863,564,2020-08-02,2020-08-03,Cancelled
1989,1698,1255,416,2023-09-07,2023-09-12,Cancelled
1990,470,437,1811,2020-06-30,2020-07-01,Pending
1991,595,1471,1915,2023-02-19,2023-02-24,Delivered
1992,4,1803,1056,2022-02-18,2022-02-24,Pending
1993,158,863,1061,2023-04-30,2023-05-06,Cancelled
1994,1102,279,451,2022-05-20,2022-05-26,Delivered
1995,1043,402,782,2022-02-27,2022-03-04,Delivered
1996,1538,137,613,2021-07-22,2021-07-23,Delivered
1997,1380,232,1872,2022-11-25,2022-11-26,In Transit
1998,415,334,237,2020-10-05,2020-10-07,In Transit
1999,1463,1083,475,2020-08-22,2020-08-29,In Transit
2000,1303,1403,1356,2020-08-18,2020-08-23,Cancelled
